palabra,emoji,categoria,España,México,Guatemala,El Salvador,Honduras,Nicaragua,Costa Rica,Panamá,Cuba,Rep. Dominicana,Puerto Rico,Colombia,Venezuela,Ecuador,Perú,Bolivia,Paraguay,Uruguay,Argentina,Chile,Guinea Ecuatorial
coger,🍆😳,Doble sentido ⚠️,tomar / agarrar,tener sexo (vulgar) ⚠️,tomar / agarrar,tomar / agarrar,tomar / agarrar,tener sexo (vulgar) ⚠️,tomar / agarrar,tomar / agarrar,tomar / agarrar,tener sexo (vulgar) ⚠️,tener sexo (vulgar) ⚠️,tomar / agarrar,tener sexo (vulgar) ⚠️,tomar / agarrar,tomar / agarrar,tener sexo (vulgar) ⚠️,tener sexo (vulgar) ⚠️,tener sexo (vulgar) ⚠️,tener sexo (vulgar) ⚠️,tener sexo (vulgar) ⚠️,tomar / agarrar
concha,🐚🙈,Doble sentido ⚠️,caparazón de mar / pan dulce (MX),caparazón de mar / pan dulce (MX),caparazón de mar / pan dulce (MX),caparazón de mar / pan dulce (MX),caparazón de mar / pan dulce (MX),caparazón de mar / pan dulce (MX),caparazón de mar / pan dulce (MX),caparazón de mar / pan dulce (MX),caparazón de mar / pan dulce (MX),caparazón de mar / pan dulce (MX),caparazón de mar / pan dulce (MX),caparazón de mar / pan dulce (MX),caparazón de mar / pan dulce (MX),caparazón de mar / pan dulce (MX),caparazón de mar / pan dulce (MX),genital femenino (vulgar) ⚠️,genital femenino (vulgar) ⚠️,genital femenino (vulgar) ⚠️,genital femenino (vulgar) ⚠️,genital femenino (vulgar) ⚠️,caparazón de mar / pan dulce (MX)
verga,🍆🔥,Doble sentido ⚠️,genital masculino (vulgar) ⚠️,genital masculino (vulgar) ⚠️,"muletilla / 'a la verga' (sorpresa, enojo)",'estar verga' = estar bien/borracho,'estar verga' = estar bien/borracho,"muletilla / 'a la verga' (sorpresa, enojo)",genital masculino (vulgar) ⚠️,genital masculino (vulgar) ⚠️,genital masculino (vulgar) ⚠️,genital masculino (vulgar) ⚠️,genital masculino (vulgar) ⚠️,genital masculino (vulgar) ⚠️,"muletilla / 'a la verga' (sorpresa, enojo)",genital masculino (vulgar) ⚠️,genital masculino (vulgar) ⚠️,genital masculino (vulgar) ⚠️,genital masculino (vulgar) ⚠️,genital masculino (vulgar) ⚠️,genital masculino (vulgar) ⚠️,genital masculino (vulgar) ⚠️,genital masculino (vulgar) ⚠️
pija,💅😏,Doble sentido ⚠️,persona fresa / snob,persona fresa / snob,persona fresa / snob,persona fresa / snob,persona fresa / snob,persona fresa / snob,persona fresa / snob,persona fresa / snob,persona fresa / snob,persona fresa / snob,persona fresa / snob,persona fresa / snob,persona fresa / snob,persona fresa / snob,persona fresa / snob,genital masculino (vulgar) ⚠️,genital masculino (vulgar) ⚠️,genital masculino (vulgar) ⚠️,genital masculino (vulgar) ⚠️,persona fresa / snob,persona fresa / snob
bicho,🐛😏,Doble sentido ⚠️,persona astuta/mala,insecto / animalito,insecto / animalito,niño/chico,niño/chico,insecto / animalito,insecto / animalito,insecto / animalito,insecto / animalito,insecto / animalito,genital masculino (vulgar) ⚠️,insecto / animalito,insecto / animalito,insecto / animalito,insecto / animalito,insecto / animalito,insecto / animalito,insecto / animalito,insecto / animalito,insecto / animalito,insecto / animalito
papaya,🟠🙊,Doble sentido ⚠️,fruta,fruta,fruta,fruta,fruta,fruta,fruta,fruta,genital femenino (vulgar) ⚠️,fruta,fruta,algo fácil,'dar papaya' = exponerse al peligro,fruta,fruta,fruta,fruta,fruta,fruta,fruta,fruta
chucha,😬🙊,Doble sentido ⚠️,interjección de fastidio/frío,interjección de fastidio/frío,interjección de fastidio/frío,interjección de fastidio/frío,interjección de fastidio/frío,interjección de fastidio/frío,interjección de fastidio/frío,interjección de fastidio/frío,interjección de fastidio/frío,interjección de fastidio/frío,interjección de fastidio/frío,mal olor / axila,interjección de fastidio/frío,genital femenino (vulgar) ⚠️,genital femenino (vulgar) ⚠️,interjección de fastidio/frío,interjección de fastidio/frío,interjección de fastidio/frío,perro,genital femenino (vulgar) ⚠️,interjección de fastidio/frío
cuca,🍪😶,Doble sentido ⚠️,galleta / dulce,galleta / dulce,galleta / dulce,galleta / dulce,galleta / dulce,galleta / dulce,galleta / dulce,galleta / dulce,genital femenino (vulgar) ⚠️,galleta / dulce,galleta / dulce,genital femenino (vulgar) ⚠️,genital femenino (vulgar) ⚠️,galleta / dulce,galleta / dulce,galleta / dulce,galleta / dulce,galleta / dulce,bicicleta / energía,galleta / dulce,galleta / dulce
pendejo,🤦,Insulto / persona,vello púbico (literal) ⚠️,vello púbico (literal) ⚠️,tonto / idiota,tonto / idiota,tonto / idiota,tonto / idiota,tonto / idiota,tonto / idiota,tonto / idiota,tonto / idiota,tonto / idiota,cobarde,cobarde,tonto / idiota,persona astuta/vivo,tonto / idiota,tonto / idiota,niño / joven,niño / joven,tonto / idiota,tonto / idiota
huevón,🥚😴,Insulto / persona,flojo / perezoso,flojo / perezoso,flojo / perezoso,flojo / perezoso,flojo / perezoso,flojo / perezoso,flojo / perezoso,flojo / perezoso,flojo / perezoso,flojo / perezoso,flojo / perezoso,'güevón' = tonto cariñoso,tonto,tonto,tonto,flojo / perezoso,flojo / perezoso,flojo / perezoso,flojo / perezoso,amigo / 'weón' (muletilla),flojo / perezoso
boludo,🤙😜,Amigo / persona,tonto,tonto,tonto,tonto,tonto,tonto,tonto,tonto,tonto,tonto,tonto,tonto,tonto,tonto,tonto,tonto,tonto,'che boludo' = amigo (muletilla),'che boludo' = amigo (muletilla),tonto,tonto
pana,🤝,Amigo / persona,tela de pana (textil),tela de pana (textil),tela de pana (textil),tela de pana (textil),tela de pana (textil),tela de pana (textil),tela de pana (textil),amigo / compa,amigo / compa,amigo / compa,amigo / compa,tela de pana (textil),amigo / compa,amigo / compa,tela de pana (textil),tela de pana (textil),tela de pana (textil),tela de pana (textil),tela de pana (textil),tela de pana (textil),tela de pana (textil)
parce,🤝,Amigo / persona,amigo (de 'parcero'),amigo (de 'parcero'),amigo (de 'parcero'),amigo (de 'parcero'),amigo (de 'parcero'),amigo (de 'parcero'),amigo (de 'parcero'),amigo (de 'parcero'),amigo (de 'parcero'),amigo (de 'parcero'),amigo (de 'parcero'),amigo / parcero,amigo (de 'parcero'),amigo (de 'parcero'),amigo (de 'parcero'),amigo (de 'parcero'),amigo (de 'parcero'),amigo (de 'parcero'),amigo (de 'parcero'),amigo (de 'parcero'),amigo (de 'parcero')
causa,🤝🥔,Amigo / persona,plato de papa (gastronomía),plato de papa (gastronomía),plato de papa (gastronomía),plato de papa (gastronomía),plato de papa (gastronomía),plato de papa (gastronomía),plato de papa (gastronomía),plato de papa (gastronomía),plato de papa (gastronomía),plato de papa (gastronomía),plato de papa (gastronomía),plato de papa (gastronomía),plato de papa (gastronomía),plato de papa (gastronomía),amigo / pata,plato de papa (gastronomía),plato de papa (gastronomía),plato de papa (gastronomía),plato de papa (gastronomía),plato de papa (gastronomía),plato de papa (gastronomía)
pata,🦵🤝,Amigo / persona,'buena/mala pata' = suerte,pata / pierna de animal,pata / pierna de animal,pata / pierna de animal,pata / pierna de animal,pata / pierna de animal,pata / pierna de animal,pata / pierna de animal,pata / pierna de animal,pata / pierna de animal,pata / pierna de animal,pata / pierna de animal,pata / pierna de animal,pata / pierna de animal,amigo,pata / pierna de animal,pata / pierna de animal,pata / pierna de animal,'buena/mala pata' = suerte,pata / pierna de animal,pata / pierna de animal
mae,🤙,Amigo / persona,amigo / tipo (muletilla),amigo / tipo (muletilla),amigo / tipo (muletilla),'maje' = amigo o tonto,'maje' = amigo o tonto,'maje' = amigo o tonto,amigo / tipo,amigo / tipo (muletilla),amigo / tipo (muletilla),amigo / tipo (muletilla),amigo / tipo (muletilla),amigo / tipo (muletilla),amigo / tipo (muletilla),amigo / tipo (muletilla),amigo / tipo (muletilla),amigo / tipo (muletilla),amigo / tipo (muletilla),amigo / tipo (muletilla),amigo / tipo (muletilla),amigo / tipo (muletilla),amigo / tipo (muletilla)
chamo,🧑,Amigo / persona,chico / joven,chico / joven,chico / joven,chico / joven,chico / joven,chico / joven,chico / joven,chico / joven,chico / joven,chico / joven,chico / joven,chico / joven,chico / joven,chico / joven,chico / joven,chico / joven,chico / joven,chico / joven,chico / joven,chico / joven,chico / joven
pibe,🧑,Amigo / persona,chico / joven,chico / joven,chico / joven,chico / joven,chico / joven,chico / joven,chico / joven,chico / joven,chico / joven,chico / joven,chico / joven,chico / joven,chico / joven,chico / joven,chico / joven,chico / joven,chico / joven,chico / joven,chico / joven,chico / joven,chico / joven
chavo,🧒,Amigo / persona,'chaval' = chico,chico / muchacho,chico / muchacho,chico / muchacho,chico / muchacho,'chavalo' = chico,chico / muchacho,chico / muchacho,chico / muchacho,chico / muchacho,chico / muchacho,chico / muchacho,chico / muchacho,chico / muchacho,chico / muchacho,chico / muchacho,chico / muchacho,chico / muchacho,chico / muchacho,chico / muchacho,chico / muchacho
güey,🤙,Amigo / persona,amigo / tipo (muletilla),amigo / tipo (muletilla),amigo / tipo (muletilla),amigo / tipo (muletilla),amigo / tipo (muletilla),amigo / tipo (muletilla),amigo / tipo (muletilla),amigo / tipo (muletilla),amigo / tipo (muletilla),amigo / tipo (muletilla),amigo / tipo (muletilla),amigo / tipo (muletilla),amigo / tipo (muletilla),amigo / tipo (muletilla),amigo / tipo (muletilla),amigo / tipo (muletilla),amigo / tipo (muletilla),amigo / tipo (muletilla),amigo / tipo (muletilla),amigo / tipo (muletilla),amigo / tipo (muletilla)
guagua,🚌👶,Objeto / varios,autobús,autobús,autobús,autobús,autobús,autobús,autobús,autobús,autobús,autobús,autobús,autobús,autobús,bebé,bebé,bebé,autobús,autobús,autobús,bebé,autobús
torta,🎂🥪,Comida,'qué torta' = problema/lío,sándwich en pan (telera/bolillo),pastel,pastel,pastel,pastel,pastel,pastel,pastel,pastel,pastel,pastel,pastel,pastel,pastel,pastel,pastel,pastel,bofetada / golpe,pastel,pastel
fresa,🍓💅,Comida / persona,fruta,persona snob / fifí,fruta,fruta,fruta,fruta,fruta,fruta,fruta,fruta,fruta,fruta,fruta,fruta,fruta,fruta,fruta,fruta,fruta,fruta,fruta
frutilla,🍓,Comida,fresa (la fruta),fresa (la fruta),fresa (la fruta),fresa (la fruta),fresa (la fruta),fresa (la fruta),fresa (la fruta),fresa (la fruta),fresa (la fruta),fresa (la fruta),fresa (la fruta),fresa (la fruta),fresa (la fruta),fresa (la fruta),fresa (la fruta),fresa (la fruta),fresa (la fruta),fresa (la fruta),fresa (la fruta),fresa (la fruta),fresa (la fruta)
palta,🥑,Comida,aguacate,aguacate,aguacate,aguacate,aguacate,aguacate,aguacate,aguacate,aguacate,aguacate,aguacate,aguacate,aguacate,aguacate,aguacate,aguacate,aguacate,aguacate,aguacate,'hacer la palta' = pasar vergüenza,aguacate
aguacate,🥑,Comida,aguacate,aguacate,aguacate,aguacate,aguacate,aguacate,aguacate,aguacate,aguacate,aguacate,aguacate,aguacate,aguacate,aguacate,aguacate,aguacate,aguacate,aguacate,aguacate,aguacate,aguacate
banana,🍌,Comida,'plátano','plátano',plátano / banana,plátano / banana,'guineo','guineo',plátano / banana,plátano / banana,plátano / banana,'guineo','guineo','banano','cambur','guineo','plátano',plátano / banana,'banana','banana','banana','banana',plátano / banana
choclo,🌽,Comida,mazorca de maíz,'elote','elote','elote','elote','elote',mazorca de maíz,mazorca de maíz,mazorca de maíz,mazorca de maíz,mazorca de maíz,'choclo','jojoto','choclo','choclo','choclo','choclo','choclo','choclo','choclo',mazorca de maíz
palomitas,🍿,Comida,'palomitas','palomitas','pop / poporopo',palomitas de maíz,palomitas de maíz,palomitas de maíz,palomitas de maíz,palomitas de maíz,palomitas de maíz,palomitas de maíz,palomitas de maíz,'crispetas','cotufas',palomitas de maíz,'canchita',palomitas de maíz,palomitas de maíz,palomitas de maíz,'pochoclo / pururú','cabritas',palomitas de maíz
frijol,🫘,Comida,'judía / alubia','frijol / frejol','frijol / frejol','frijol / frejol','frijol / frejol','frijol / frejol','frijol / frejol','frijol / frejol','frijol / frejol','frijol / frejol','frijol / frejol','frijol / frejol','caraota' (negro),'frijol / frejol','frijol / frejol','frijol / frejol','poroto','poroto','poroto','poroto',frijol / alubia
jugo,🧃,Comida,'zumo',jugo de fruta,jugo de fruta,jugo de fruta,jugo de fruta,jugo de fruta,jugo de fruta,jugo de fruta,jugo de fruta,jugo de fruta,jugo de fruta,jugo de fruta,jugo de fruta,jugo de fruta,jugo de fruta,jugo de fruta,jugo de fruta,jugo de fruta,jugo de fruta,jugo de fruta,jugo de fruta
popote,🥤,Objeto,'pajita','popote',popote / sorbete,popote / sorbete,popote / sorbete,popote / sorbete,popote / sorbete,'carrizo',popote / sorbete,'sorbete','sorbete','pitillo','carrizo',popote / sorbete,'cañita / sorbete',popote / sorbete,popote / sorbete,'sorbete','sorbete','bombilla',popote / sorbete
cerveza,🍺,Comida,'caña' (de barril),'chela','chela',cerveza,cerveza,cerveza,cerveza,cerveza,cerveza,cerveza,cerveza,'pola','fría / curda',cerveza,cerveza,'chela',cerveza,'birra','birra',cerveza,cerveza
cruda,🤢,Estado,'resaca','cruda',resaca (malestar tras beber),resaca (malestar tras beber),resaca (malestar tras beber),resaca (malestar tras beber),'caña' / 'goma',resaca (malestar tras beber),resaca (malestar tras beber),resaca (malestar tras beber),resaca (malestar tras beber),'guayabo','ratón','chuchaqui',resaca (malestar tras beber),'caña',resaca (malestar tras beber),'resaca','resaca',resaca (malestar tras beber),resaca (malestar tras beber)
fiesta,🥳,Estado,fiesta / celebración,'pachanga / reventón',fiesta / celebración,fiesta / celebración,fiesta / celebración,fiesta / celebración,fiesta / celebración,fiesta / celebración,fiesta / celebración,'parranda','parranda','rumba','guachafita / bonche','farra','farra',fiesta / celebración,'farra',fiesta / celebración,'joda / previa','carrete',fiesta / celebración
policía,👮,Jerga / varios,policía,'jara',policía,'chota',policía,policía,policía,'tira',policía,policía,policía,'tombo','pitufo / musiú',policía,'tombo',policía,policía,policía,'cana / yuta / rati','paco',policía
ladrón,🦹,Jerga / varios,'caco','ratero',ladrón,ladrón,ladrón,ladrón,ladrón,ladrón,ladrón,ladrón,ladrón,'pillo / ñero','malandro',ladrón,'choro',ladrón,ladrón,ladrón,'chorro','choro / lanza',ladrón
dinero,💰,Dinero,'cuartos','lana / varo / feria','pisto','pisto','pisto',dinero,dinero,dinero,dinero,dinero,'real / chavos','plata','real / chavos','plata','plata','plata',dinero,'plata','guita / mango / luca','plata',dinero
genial,😎,Cualidad,'guay','chido / padre','calidá',genial / muy bueno,genial / muy bueno,genial / muy bueno,'tuanis / pura vida','chévere','chévere','chévere',genial / muy bueno,'chimba','fino','chévere','bacán / bacano',genial / muy bueno,genial / muy bueno,genial / muy bueno,'joya / bárbaro / copado','pulenta / la raja',genial / muy bueno
trabajo,💼,Dinero,'curro','chamba','chamba','chamba','chamba','chamba',trabajo / empleo,trabajo / empleo,trabajo / empleo,trabajo / empleo,trabajo / empleo,'camello',trabajo / empleo,'chamba','chamba',trabajo / empleo,trabajo / empleo,'laburo','laburo','pega',trabajo / empleo
vaina,🤷,Comodín,cosa / asunto,cosa / asunto,cosa / asunto,cosa / asunto,cosa / asunto,cosa / asunto,cosa / asunto (comodín),cosa / asunto (comodín),cosa / asunto,'qué vaina' = qué problema/lástima,cosa / asunto,cosa / asunto (comodín),'qué vaina' = qué problema/lástima,cosa / asunto (comodín),cosa / asunto,cosa / asunto,cosa / asunto,cosa / asunto,cosa / asunto,cosa / asunto,cosa / asunto
chivo,🐐,Doble sentido,cabra macho,cabra macho,cabra macho,genial / cool,soborno / 'hacer chivo',cabra macho,apestoso (olor a sudor),cabra macho,cabra macho,inquieto / nervioso,cabra macho,cabra macho,cabra macho,cabra macho,cabra macho,cabra macho,cabra macho,cabra macho,cabra macho,cabra macho,cabra macho
sapo,🐸👀,Jerga / varios,rana / sapo (animal),rana / sapo (animal),rana / sapo (animal),rana / sapo (animal),rana / sapo (animal),rana / sapo (animal),rana / sapo (animal),rana / sapo (animal),rana / sapo (animal),rana / sapo (animal),rana / sapo (animal),chismoso / soplón,'echar el sapo' = delatar,chismoso / soplón,rana / sapo (animal),rana / sapo (animal),rana / sapo (animal),rana / sapo (animal),rana / sapo (animal),chismoso / soplón,rana / sapo (animal)
mango,🥭😍,Doble sentido,fruta,fruta,fruta,fruta,fruta,fruta,fruta,fruta,fruta,persona muy atractiva 😍,fruta,fruta,persona muy atractiva 😍,fruta,fruta,fruta,fruta,persona muy atractiva 😍,'un mango' = dinero,fruta,fruta
piña,🍍👊,Doble sentido,fruta (ananá),puñetazo / golpe,fruta (ananá),fruta (ananá),fruta (ananá),fruta (ananá),fruta (ananá),fruta (ananá),fruta (ananá),fruta (ananá),fruta (ananá),fruta (ananá),mala suerte / 'estar en la piña',fruta (ananá),fruta (ananá),fruta (ananá),'ananá',puñetazo / golpe,'ananá',fruta (ananá),fruta (ananá)
papa,🥔,Doble sentido,'patata',papa / patata,papa / patata,papa / patata,papa / patata,papa / patata,papa / patata,papa / patata,papa / patata,papa / patata,papa / patata,algo muy fácil ('es papa'),algo muy fácil ('es papa'),mentira ('pura papa'),papa / patata,papa / patata,papa / patata,papa / patata,algo muy fácil ('es papa'),papa / patata,papa / patata
mono,🐒,Doble sentido,'estar mono' = lindo,simio / mono,simio / mono,simio / mono,simio / mono,simio / mono,simio / mono,simio / mono,simio / mono,simio / mono,simio / mono,persona rubia,simio / mono,simio / mono,simio / mono,simio / mono,simio / mono,simio / mono,simio / mono,simio / mono,simio / mono
rubio,👱,Persona / apariencia,persona rubia,'güero','canche','chivo','chele','chele',persona rubia,persona rubia,persona rubia,persona rubia,persona rubia,'mono','catire','macho',persona rubia,persona rubia,persona rubia,persona rubia,'flaco/rubio',persona rubia,persona rubia
morocho,🧑,Persona / apariencia,"de pelo/piel oscura, moreno","de pelo/piel oscura, moreno","de pelo/piel oscura, moreno","de pelo/piel oscura, moreno","de pelo/piel oscura, moreno","de pelo/piel oscura, moreno","de pelo/piel oscura, moreno","de pelo/piel oscura, moreno","de pelo/piel oscura, moreno","de pelo/piel oscura, moreno","de pelo/piel oscura, moreno","de pelo/piel oscura, moreno",mellizo / gemelo,tipo de maíz,tipo de maíz,"de pelo/piel oscura, moreno","de pelo/piel oscura, moreno",moreno / pelo negro,moreno / pelo negro,"de pelo/piel oscura, moreno","de pelo/piel oscura, moreno"
gordo,🥰,Persona / trato,premio mayor de lotería ('el gordo'),persona con sobrepeso,persona con sobrepeso,persona con sobrepeso,persona con sobrepeso,persona con sobrepeso,persona con sobrepeso,persona con sobrepeso,persona con sobrepeso,persona con sobrepeso,persona con sobrepeso,persona con sobrepeso,persona con sobrepeso,persona con sobrepeso,persona con sobrepeso,persona con sobrepeso,persona con sobrepeso,apodo cariñoso ('gordi'),apodo cariñoso ('gordi'),persona con sobrepeso,persona con sobrepeso
chimba,🔥,Cualidad ⚠️,genial / lo máximo,genial / lo máximo,genial / lo máximo,genial / lo máximo,genial / lo máximo,genial / lo máximo,genial / lo máximo,genial / lo máximo,genial / lo máximo,genial / lo máximo,genial / lo máximo,genial ('¡qué chimba!'),genial / lo máximo,genital femenino / negativo ⚠️ (cuidado),genital femenino / negativo ⚠️ (cuidado),genial / lo máximo,genial / lo máximo,genial / lo máximo,genial / lo máximo,genial / lo máximo,genial / lo máximo
fome,🥱,Cualidad,aburrido / sin gracia,aburrido / sin gracia,aburrido / sin gracia,aburrido / sin gracia,aburrido / sin gracia,aburrido / sin gracia,aburrido / sin gracia,aburrido / sin gracia,aburrido / sin gracia,aburrido / sin gracia,aburrido / sin gracia,aburrido / sin gracia,aburrido / sin gracia,aburrido / sin gracia,aburrido / sin gracia,aburrido / sin gracia,aburrido / sin gracia,aburrido / sin gracia,aburrido / sin gracia,aburrido,aburrido / sin gracia
chafa,👎,Cualidad,de mala calidad / corriente,de mala calidad,de mala calidad / corriente,de mala calidad / corriente,de mala calidad / corriente,de mala calidad / corriente,de mala calidad / corriente,de mala calidad / corriente,de mala calidad / corriente,de mala calidad / corriente,de mala calidad / corriente,de mala calidad / corriente,de mala calidad / corriente,de mala calidad / corriente,de mala calidad / corriente,de mala calidad / corriente,de mala calidad / corriente,de mala calidad / corriente,de mala calidad / corriente,de mala calidad / corriente,de mala calidad / corriente
trucho,❌,Cualidad,falso / pirata,falso / pirata,falso / pirata,falso / pirata,falso / pirata,falso / pirata,falso / pirata,falso / pirata,falso / pirata,falso / pirata,falso / pirata,falso / pirata,falso / pirata,falso / pirata,falso / pirata,falso / pirata,falso / pirata,falso / trucho,falso / trucho,falso / pirata,falso / pirata
antro,🪩,Lugar,lugar de mala muerte / tugurio,discoteca / bar de moda,discoteca / bar,discoteca / bar,discoteca / bar,discoteca / bar,discoteca / bar,discoteca / bar,discoteca / bar,discoteca / bar,discoteca / bar,lugar de mala muerte / tugurio,discoteca / bar,discoteca / bar,discoteca / bar,discoteca / bar,discoteca / bar,discoteca / bar,lugar de mala muerte / tugurio,discoteca / bar,discoteca / bar
boliche,🪩🎳,Lugar,juego de bolos,juego de bolos,juego de bolos,juego de bolos,juego de bolos,juego de bolos,juego de bolos,juego de bolos,juego de bolos,juego de bolos,juego de bolos,juego de bolos,juego de bolos,juego de bolos,juego de bolos,juego de bolos,juego de bolos,tienda pequeña / negocio,discoteca,juego de bolos,juego de bolos
pavo,🦃,Doble sentido,euro (jerga) / tonto,'guajolote',pavo / guajolote,pavo / guajolote,pavo / guajolote,pavo / guajolote,pavo / guajolote,pavo / guajolote,pavo / guajolote,pavo / guajolote,pavo / guajolote,pavo / guajolote,persona tímida/ingenua,pavo / guajolote,pavo / guajolote,pavo / guajolote,pavo / guajolote,pavo / guajolote,pavo / guajolote,pavo / guajolote,pavo / guajolote
sandía,🍉,Comida,'sandía','sandía',sandía,sandía,sandía,sandía,sandía,sandía,sandía,sandía,sandía,'patilla','patilla','sandía','sandía',sandía,sandía,'sandía','sandía','sandía',sandía
maracuyá,🟡,Comida,'maracuyá','maracuyá',maracuyá / fruta de la pasión,maracuyá / fruta de la pasión,maracuyá / fruta de la pasión,maracuyá / fruta de la pasión,maracuyá / fruta de la pasión,maracuyá / fruta de la pasión,maracuyá / fruta de la pasión,'chinola','parcha','gulupa/curuba' (parientes),'parchita','maracuyá','maracuyá',maracuyá / fruta de la pasión,maracuyá / fruta de la pasión,maracuyá / fruta de la pasión,maracuyá / fruta de la pasión,maracuyá / fruta de la pasión,maracuyá / fruta de la pasión
calabaza,🎃,Comida,'calabaza','calabaza','ayote','ayote','ayote','ayote','ayote','auyama',calabaza,'auyama',calabaza,'auyama','auyama',calabaza,'zapallo','zapallo','zapallo','zapallo','zapallo','zapallo',calabaza
ají,🌶️,Comida,'pimiento / guindilla','chile','chile','chile','chile',ají / chile / pimiento,ají / chile / pimiento,ají / chile / pimiento,'ají','ají','ají','ají','pimentón','ají','ají','ají',ají / chile / pimiento,'morrón' (dulce),'morrón' (dulce),'ají',ají / chile / pimiento
cacahuate,🥜,Comida,'cacahuete','cacahuate',cacahuate / maní,cacahuate / maní,cacahuate / maní,cacahuate / maní,'maní','maní','maní','maní','maní','maní','maní','maní','maní','maní',cacahuate / maní,'maní','maní','maní',cacahuate / maní
camote,🍠😍,Doble sentido,'boniato',enredarse ('hacerse camote'),camote / batata / boniato,camote / batata / boniato,camote / batata / boniato,camote / batata / boniato,camote / batata / boniato,camote / batata / boniato,'boniato',camote / batata / boniato,camote / batata / boniato,camote / batata / boniato,camote / batata / boniato,camote / batata / boniato,estar enamorado ('tener camote'),camote / batata / boniato,camote / batata / boniato,'batata','batata',camote / batata / boniato,camote / batata / boniato
durazno,🍑,Comida,'melocotón','durazno',durazno / melocotón,durazno / melocotón,durazno / melocotón,durazno / melocotón,durazno / melocotón,durazno / melocotón,durazno / melocotón,durazno / melocotón,'melocotón','durazno','durazno','durazno','durazno',durazno / melocotón,durazno / melocotón,'damasco' (variedad),'damasco' (variedad),'damasco' (variedad),durazno / melocotón
saco,🧥,Ropa,'americana / chaqueta',blazer / chaqueta de vestir,saco / costal (bolsa),saco / costal (bolsa),saco / costal (bolsa),saco / costal (bolsa),saco / costal (bolsa),saco / costal (bolsa),saco / costal (bolsa),saco / costal (bolsa),saco / costal (bolsa),blazer / chaqueta de vestir,blazer / chaqueta de vestir,blazer / chaqueta de vestir,blazer / chaqueta de vestir,saco / costal (bolsa),saco / costal (bolsa),saco / costal (bolsa),blazer / chaqueta de vestir,saco / costal (bolsa),saco / costal (bolsa)
pollera,👗,Ropa,'falda','falda',falda,falda,falda,falda,falda,falda,falda,falda,falda,'falda','falda',falda,'falda',falda,falda,falda,falda,'falda',falda
chompa,🧥,Ropa,suéter / chaqueta,suéter / chaqueta,suéter / chaqueta,suéter / chaqueta,suéter / chaqueta,suéter / chaqueta,suéter / chaqueta,suéter / chaqueta,suéter / chaqueta,suéter / chaqueta,suéter / chaqueta,suéter / chaqueta,suéter / chaqueta,suéter / chaqueta,suéter / chaqueta,suéter / chaqueta,suéter / chaqueta,suéter / chaqueta,'chomba' = polo/remera con cuello,suéter / chaqueta,suéter / chaqueta
zapatillas,👟,Ropa,'zapatillas','tenis','tenis',calzado deportivo,calzado deportivo,calzado deportivo,'tenis',calzado deportivo,calzado deportivo,'tennis / zapatos de goma',calzado deportivo,'tenis','cholas/deportivos','zapatillas','zapatillas','zapatillas',calzado deportivo,'championes','zapatillas','zapatillas',calzado deportivo
lentes,👓,Ropa / objeto,'gafas','lentes',lentes / anteojos,lentes / anteojos,lentes / anteojos,lentes / anteojos,lentes / anteojos,lentes / anteojos,'espejuelos',lentes / anteojos,lentes / anteojos,'gafas','gafas','lentes','lentes','lentes',lentes / anteojos,'anteojos','anteojos','lentes',lentes / anteojos
carro,🚗,Objeto,'coche','carro','carro','carro','carro','carro','carro','carro','carro','carro','carro','carro','carro','carro','carro','auto','auto','auto','auto','auto',carro / coche / auto
camión,🚌🚛,Objeto,camión de carga,autobús urbano,camión de carga,camión de carga,camión de carga,camión de carga,camión de carga,camión de carga,camión de carga,camión de carga,camión de carga,camión de carga,camión de carga,camión de carga,camión de carga,camión de carga,camión de carga,camión de carga,camión de carga,camión de carga,camión de carga
colectivo,🚐,Objeto,transporte público compartido,'pesero / combi / micro',transporte público compartido,transporte público compartido,transporte público compartido,transporte público compartido,transporte público compartido,transporte público compartido,transporte público compartido,transporte público compartido,transporte público compartido,'chiva' (rural),'buseta / micro',transporte público compartido,'combi / micro',transporte público compartido,transporte público compartido,transporte público compartido,'colectivo / bondi','micro / liebre',transporte público compartido
celular,📱,Tecnología,'móvil','celular / cel','celular / cel','celular / cel','celular / cel','celular / cel','celular / cel','celular / cel','celular / cel','celular / cel','celular / cel','celular / cel','celular / cel','celular / cel','celular / cel','celular / cel','celular / cel','celular / cel','celular / cel','celular / cel',teléfono celular
computadora,💻,Tecnología,'ordenador','computadora / compu',computadora,computadora,computadora,computadora,'computadora / compu',computadora,computadora,computadora,computadora,'computador','computadora / compu','computador','computadora / compu',computadora,computadora,'computadora / compu','computadora / compu','computador',computadora
refrigerador,🧊,Objeto,'frigorífico','refri',refrigerador,refrigerador,refrigerador,refrigerador,'nevera','nevera',refrigerador,'nevera','nevera','nevera','nevera','refrigerador','refrigerador','refrigerador','heladera','heladera','heladera','refrigerador',refrigerador
manejar,🚗,Verbo,'conducir','manejar',manejar / conducir (un auto),manejar / conducir (un auto),manejar / conducir (un auto),manejar / conducir (un auto),manejar / conducir (un auto),manejar / conducir (un auto),manejar / conducir (un auto),manejar / conducir (un auto),manejar / conducir (un auto),'manejar','manejar','manejar','manejar',manejar / conducir (un auto),manejar / conducir (un auto),'manejar','manejar','manejar',manejar / conducir (un auto)
estacionar,🅿️,Verbo,'aparcar','estacionar',estacionar el auto,estacionar el auto,estacionar el auto,estacionar el auto,'parquear','parquear',estacionar el auto,'parquear','parquear','parquear','parquear','estacionar','estacionar',estacionar el auto,estacionar el auto,'estacionar','estacionar','estacionar',estacionar el auto
platicar,💬,Verbo,'charlar / hablar','platicar','platicar','platicar','platicar',conversar / charlar,conversar / charlar,conversar / charlar,conversar / charlar,conversar / charlar,conversar / charlar,'conversar','conversar','conversar','conversar',conversar / charlar,conversar / charlar,conversar / charlar,'charlar / hablar','conversar',conversar / charlar
ahorita,⏳,Tiempo,ahora mismo / ya,puede ser 'ya' o 'al rato / nunca' 😅 (ambiguo),ahora mismo,ahora mismo,ahora mismo,ahora mismo,puede ser 'ya' o 'al rato / nunca' 😅 (ambiguo),ahora mismo,ahora mismo,ahora mismo,ahora mismo,puede ser 'ya' o 'al rato / nunca' 😅 (ambiguo),puede ser 'ya' o 'al rato / nunca' 😅 (ambiguo),ahora mismo,ahora mismo / ya,ahora mismo,ahora mismo,ahora mismo,ahora mismo,ahora mismo,ahora mismo
ya,⚡,Tiempo,de inmediato,'ahorita',de inmediato,de inmediato,de inmediato,de inmediato,de inmediato,de inmediato,de inmediato,de inmediato,de inmediato,'de una',de inmediato,de inmediato,'al toque',de inmediato,de inmediato,'ya mismo / enseguida','de una','al tiro',de inmediato
ok,👌,Expresión,'vale','órale / sale',de acuerdo / está bien,de acuerdo / está bien,de acuerdo / está bien,de acuerdo / está bien,de acuerdo / está bien,de acuerdo / está bien,de acuerdo / está bien,de acuerdo / está bien,de acuerdo / está bien,'listo / de una','fos/fino',de acuerdo / está bien,'ya / bacán',de acuerdo / está bien,de acuerdo / está bien,'dale','dale','ya / bacán',de acuerdo / está bien
no,🙅,Expresión,'nanai','nel / nones',negación,negación,negación,negación,negación,negación,negación,negación,negación,'qué va',negación,negación,negación,negación,negación,negación,negación,negación,negación
sí,🙆,Expresión,afirmación,'simón',afirmación,afirmación,afirmación,afirmación,afirmación,afirmación,afirmación,afirmación,afirmación,'de una / claro',afirmación,afirmación,'obvio / al toque',afirmación,afirmación,afirmación,'de una / claro',afirmación,afirmación
pelar,🍌,Verbo,quitar la cáscara,ignorar ('no me pela'),quitar la cáscara,quitar la cáscara,quitar la cáscara,quitar la cáscara,criticar / chismear,quitar la cáscara,quitar la cáscara,quitar la cáscara,quitar la cáscara,criticar / chismear,'pelar billete' = mostrar dinero,quitar la cáscara,quitar la cáscara,quitar la cáscara,quitar la cáscara,quitar la cáscara,quitar la cáscara,quitar la cáscara,quitar la cáscara
bola,⚽,Verbo / objeto,pelota / bola,multitud / 'una bola de' = montón,pelota / bola,pelota / bola,pelota / bola,pelota / bola,pelota / bola,pelota / bola,pelota / bola,pelota / bola,pelota / bola,'parar bola' = prestar atención,'parar bola' = prestar atención,pelota / bola,pelota / bola,pelota / bola,pelota / bola,'dar bola / dar pelota' = prestar atención,'dar bola / dar pelota' = prestar atención,pelota / bola,pelota / bola
funar,🚫,Verbo (Gen-Z),exponer / cancelar a alguien públicamente,exponer / cancelar a alguien públicamente,exponer / cancelar a alguien públicamente,exponer / cancelar a alguien públicamente,exponer / cancelar a alguien públicamente,exponer / cancelar a alguien públicamente,exponer / cancelar a alguien públicamente,exponer / cancelar a alguien públicamente,exponer / cancelar a alguien públicamente,exponer / cancelar a alguien públicamente,exponer / cancelar a alguien públicamente,exponer / cancelar a alguien públicamente,exponer / cancelar a alguien públicamente,exponer / cancelar a alguien públicamente,exponer / cancelar a alguien públicamente,exponer / cancelar a alguien públicamente,exponer / cancelar a alguien públicamente,'escrachar' = exponer,'escrachar' = exponer,funar / escrachar,exponer / cancelar a alguien públicamente
cagar,💩,Verbo ⚠️,'cagarla' = arruinarlo,'me caga' = me molesta,defecar (literal) ⚠️,defecar (literal) ⚠️,defecar (literal) ⚠️,defecar (literal) ⚠️,'estar cagado' = tener miedo,defecar (literal) ⚠️,defecar (literal) ⚠️,defecar (literal) ⚠️,defecar (literal) ⚠️,'estar cagado' = tener miedo,defecar (literal) ⚠️,defecar (literal) ⚠️,defecar (literal) ⚠️,defecar (literal) ⚠️,defecar (literal) ⚠️,'cagarla' = arruinarlo,'cagar a alguien' = retar/regañar,'me caga' = me molesta,defecar (literal) ⚠️
regar,🌱,Verbo,regar plantas,'regar el chisme' = difundir,regar plantas,regar plantas,regar plantas,regar plantas,regar plantas,regar plantas,regar plantas,regar plantas,regar plantas,'regar el chisme' = difundir,regar plantas,regar plantas,regar plantas,regar plantas,regar plantas,regar plantas,regar plantas,regar plantas,regar plantas
marica,😅,Amigo / insulto ⚠️,insulto homofóbico ⚠️,insulto homofóbico ⚠️,insulto homofóbico ⚠️,insulto homofóbico ⚠️,insulto homofóbico ⚠️,insulto homofóbico ⚠️,insulto homofóbico ⚠️,insulto homofóbico ⚠️,insulto homofóbico ⚠️,insulto homofóbico ⚠️,insulto homofóbico ⚠️,"muletilla entre amigos ('¿qué más, marica?')",'maricón' = amigo (según tono),insulto homofóbico ⚠️,insulto homofóbico ⚠️,insulto homofóbico ⚠️,insulto homofóbico ⚠️,insulto homofóbico ⚠️,insulto homofóbico ⚠️,'maricón' = amigo (según tono),insulto homofóbico ⚠️
weon,🤙,Amigo / insulto,tipo / amigo / tonto (todo según el tono),tipo / amigo / tonto (todo según el tono),tipo / amigo / tonto (todo según el tono),tipo / amigo / tonto (todo según el tono),tipo / amigo / tonto (todo según el tono),tipo / amigo / tonto (todo según el tono),tipo / amigo / tonto (todo según el tono),tipo / amigo / tonto (todo según el tono),tipo / amigo / tonto (todo según el tono),tipo / amigo / tonto (todo según el tono),tipo / amigo / tonto (todo según el tono),tipo / amigo / tonto (todo según el tono),tipo / amigo / tonto (todo según el tono),tipo / amigo / tonto (todo según el tono),tipo / amigo / tonto (todo según el tono),tipo / amigo / tonto (todo según el tono),tipo / amigo / tonto (todo según el tono),tipo / amigo / tonto (todo según el tono),tipo / amigo / tonto (todo según el tono),'weón/hueón' = amigo o tonto,tipo / amigo / tonto (todo según el tono)
chido,😎,Cualidad,genial / cool,genial,genial / cool,genial / cool,genial / cool,genial / cool,genial / cool,genial / cool,genial / cool,genial / cool,genial / cool,genial / cool,genial / cool,genial / cool,genial / cool,genial / cool,genial / cool,genial / cool,genial / cool,genial / cool,genial / cool
crush,😍,Gen-Z (global),igual en toda la región (redes/inglés),igual en toda la región (redes/inglés),igual en toda la región (redes/inglés),igual en toda la región (redes/inglés),igual en toda la región (redes/inglés),igual en toda la región (redes/inglés),igual en toda la región (redes/inglés),igual en toda la región (redes/inglés),igual en toda la región (redes/inglés),igual en toda la región (redes/inglés),igual en toda la región (redes/inglés),igual en toda la región (redes/inglés),igual en toda la región (redes/inglés),igual en toda la región (redes/inglés),igual en toda la región (redes/inglés),igual en toda la región (redes/inglés),igual en toda la región (redes/inglés),igual en toda la región (redes/inglés),igual en toda la región (redes/inglés),igual en toda la región (redes/inglés),igual en toda la región (redes/inglés)
cringe,😬,Gen-Z (global),igual en toda la región,'qué oso' (vergüenza),vergüenza ajena,vergüenza ajena,vergüenza ajena,vergüenza ajena,vergüenza ajena,vergüenza ajena,vergüenza ajena,vergüenza ajena,vergüenza ajena,'qué oso' (vergüenza),igual en toda la región,igual en toda la región,igual en toda la región,vergüenza ajena,vergüenza ajena,igual en toda la región,'qué cringe / plancha',igual en toda la región,vergüenza ajena
rizz,😏,Gen-Z (global),igual en toda la región (redes),igual en toda la región (redes),igual en toda la región (redes),igual en toda la región (redes),igual en toda la región (redes),igual en toda la región (redes),igual en toda la región (redes),igual en toda la región (redes),igual en toda la región (redes),igual en toda la región (redes),igual en toda la región (redes),igual en toda la región (redes),igual en toda la región (redes),igual en toda la región (redes),igual en toda la región (redes),igual en toda la región (redes),igual en toda la región (redes),igual en toda la región (redes),igual en toda la región (redes),igual en toda la región (redes),igual en toda la región (redes)
delulu,🦄,Gen-Z (global),igual en toda la región (redes),igual en toda la región (redes),igual en toda la región (redes),igual en toda la región (redes),igual en toda la región (redes),igual en toda la región (redes),igual en toda la región (redes),igual en toda la región (redes),igual en toda la región (redes),igual en toda la región (redes),igual en toda la región (redes),igual en toda la región (redes),igual en toda la región (redes),igual en toda la región (redes),igual en toda la región (redes),igual en toda la región (redes),igual en toda la región (redes),igual en toda la región (redes),igual en toda la región (redes),igual en toda la región (redes),igual en toda la región (redes)
random,🎲,Gen-Z (global),igual en toda la región (del inglés),igual en toda la región (del inglés),igual en toda la región (del inglés),igual en toda la región (del inglés),igual en toda la región (del inglés),igual en toda la región (del inglés),igual en toda la región (del inglés),igual en toda la región (del inglés),igual en toda la región (del inglés),igual en toda la región (del inglés),igual en toda la región (del inglés),igual en toda la región (del inglés),igual en toda la región (del inglés),igual en toda la región (del inglés),igual en toda la región (del inglés),igual en toda la región (del inglés),igual en toda la región (del inglés),igual en toda la región (del inglés),igual en toda la región (del inglés),igual en toda la región (del inglés),igual en toda la región (del inglés)
ghostear,👻,Gen-Z (global),igual en toda la región (del inglés 'ghost'),igual en toda la región (del inglés 'ghost'),igual en toda la región (del inglés 'ghost'),igual en toda la región (del inglés 'ghost'),igual en toda la región (del inglés 'ghost'),igual en toda la región (del inglés 'ghost'),igual en toda la región (del inglés 'ghost'),igual en toda la región (del inglés 'ghost'),igual en toda la región (del inglés 'ghost'),igual en toda la región (del inglés 'ghost'),igual en toda la región (del inglés 'ghost'),igual en toda la región (del inglés 'ghost'),igual en toda la región (del inglés 'ghost'),igual en toda la región (del inglés 'ghost'),igual en toda la región (del inglés 'ghost'),igual en toda la región (del inglés 'ghost'),igual en toda la región (del inglés 'ghost'),igual en toda la región (del inglés 'ghost'),igual en toda la región (del inglés 'ghost'),igual en toda la región (del inglés 'ghost'),igual en toda la región (del inglés 'ghost')
shippear,🚢❤️,Gen-Z (global),igual en toda la región (del inglés 'ship'),igual en toda la región (del inglés 'ship'),igual en toda la región (del inglés 'ship'),igual en toda la región (del inglés 'ship'),igual en toda la región (del inglés 'ship'),igual en toda la región (del inglés 'ship'),igual en toda la región (del inglés 'ship'),igual en toda la región (del inglés 'ship'),igual en toda la región (del inglés 'ship'),igual en toda la región (del inglés 'ship'),igual en toda la región (del inglés 'ship'),igual en toda la región (del inglés 'ship'),igual en toda la región (del inglés 'ship'),igual en toda la región (del inglés 'ship'),igual en toda la región (del inglés 'ship'),igual en toda la región (del inglés 'ship'),igual en toda la región (del inglés 'ship'),igual en toda la región (del inglés 'ship'),igual en toda la región (del inglés 'ship'),igual en toda la región (del inglés 'ship'),igual en toda la región (del inglés 'ship')
flexear,💪💸,Gen-Z (global),igual en toda la región (del inglés 'flex'),igual en toda la región (del inglés 'flex'),igual en toda la región (del inglés 'flex'),igual en toda la región (del inglés 'flex'),igual en toda la región (del inglés 'flex'),igual en toda la región (del inglés 'flex'),igual en toda la región (del inglés 'flex'),igual en toda la región (del inglés 'flex'),igual en toda la región (del inglés 'flex'),igual en toda la región (del inglés 'flex'),igual en toda la región (del inglés 'flex'),igual en toda la región (del inglés 'flex'),igual en toda la región (del inglés 'flex'),igual en toda la región (del inglés 'flex'),igual en toda la región (del inglés 'flex'),igual en toda la región (del inglés 'flex'),igual en toda la región (del inglés 'flex'),igual en toda la región (del inglés 'flex'),igual en toda la región (del inglés 'flex'),igual en toda la región (del inglés 'flex'),igual en toda la región (del inglés 'flex')
bro,🤝,Gen-Z (global),'bro / brodi','bro / brodi','bro / brodi','bro / brodi','bro / brodi','bro / brodi','bro / brodi','bro / brodi','bro / brodi','bro / brodi','bro / brodi','bro / brodi','bro / brodi','bro / brodi','bro / brodi','bro / brodi','bro / brodi','bro / brodi','bro / brodi','bro / brodi','bro / brodi'
tóxico,☠️,Gen-Z (global),igual en toda la región,igual en toda la región,igual en toda la región,igual en toda la región,igual en toda la región,igual en toda la región,igual en toda la región,igual en toda la región,igual en toda la región,igual en toda la región,igual en toda la región,igual en toda la región,igual en toda la región,igual en toda la región,igual en toda la región,igual en toda la región,igual en toda la región,igual en toda la región,igual en toda la región,igual en toda la región,igual en toda la región
redflag,🚩,Gen-Z (global),'bandera roja / red flag','bandera roja / red flag','bandera roja / red flag','bandera roja / red flag','bandera roja / red flag','bandera roja / red flag','bandera roja / red flag','bandera roja / red flag','bandera roja / red flag','bandera roja / red flag','bandera roja / red flag','bandera roja / red flag','bandera roja / red flag','bandera roja / red flag','bandera roja / red flag','bandera roja / red flag','bandera roja / red flag','bandera roja / red flag','bandera roja / red flag','bandera roja / red flag','bandera roja / red flag'
perreo,🍑🔥,Música / baile,igual (cultura urbana),perreo / sandungueo,baile sensual de reguetón,baile sensual de reguetón,baile sensual de reguetón,baile sensual de reguetón,baile sensual de reguetón,perreo / sandungueo,baile sensual de reguetón,perreo / sandungueo,perreo / sandungueo,perreo / sandungueo,perreo / sandungueo,igual (cultura urbana),igual (cultura urbana),baile sensual de reguetón,baile sensual de reguetón,baile sensual de reguetón,igual (cultura urbana),igual (cultura urbana),baile sensual de reguetón
chévere,😎,Cualidad,genial / bien,genial / bien,genial / bien,genial / bien,genial / bien,genial / bien,genial / bien,genial / bueno,genial / bueno,genial / bueno,genial / bien,genial / bueno,genial / bueno,genial / bueno,genial / bueno,genial / bien,genial / bien,genial / bien,genial / bien,genial / bien,genial / bien
tinto,☕🍷,Comida,vino tinto,vino tinto,vino tinto,vino tinto,vino tinto,vino tinto,vino tinto,vino tinto,vino tinto,vino tinto,vino tinto,café negro,vino tinto,vino tinto,vino tinto,vino tinto,vino tinto,vino tinto,vino tinto,vino tinto,vino tinto
perico,☕🦜,Doble sentido,cocaína (jerga) ⚠️,loro / perico (ave),loro / perico (ave),loro / perico (ave),loro / perico (ave),loro / perico (ave),loro / perico (ave),loro / perico (ave),loro / perico (ave),loro / perico (ave),loro / perico (ave),cocaína (jerga) ⚠️,loro / perico (ave),loro / perico (ave),loro / perico (ave),loro / perico (ave),loro / perico (ave),loro / perico (ave),loro / perico (ave),loro / perico (ave),loro / perico (ave)
guaro,🥃,Comida,aguardiente / licor,aguardiente / licor,aguardiente / licor,aguardiente,aguardiente,aguardiente,aguardiente,aguardiente / licor,aguardiente / licor,aguardiente / licor,aguardiente / licor,aguardiente,aguardiente / licor,aguardiente / licor,aguardiente / licor,aguardiente / licor,aguardiente / licor,aguardiente / licor,aguardiente / licor,aguardiente / licor,aguardiente / licor
completo,🌭,Comida,completo / lleno (adj.),completo / lleno (adj.),completo / lleno (adj.),completo / lleno (adj.),completo / lleno (adj.),completo / lleno (adj.),completo / lleno (adj.),completo / lleno (adj.),completo / lleno (adj.),completo / lleno (adj.),completo / lleno (adj.),completo / lleno (adj.),completo / lleno (adj.),completo / lleno (adj.),completo / lleno (adj.),completo / lleno (adj.),completo / lleno (adj.),completo / lleno (adj.),completo / lleno (adj.),hot dog con todo,completo / lleno (adj.)
pastel,🎂,Comida,'torta','pastel','queque',pastel / torta,pastel / torta,pastel / torta,'queque',pastel / torta,pastel / torta,'bizcocho','cake / keik','ponqué','cake / keik','pastel','queque','pastel',pastel / torta,'torta','torta','pastel',pastel / torta
sorbete,🍦,Doble sentido,sorbete / pajita (popote),sorbete / pajita (popote),sorbete / pajita (popote),sorbete / pajita (popote),sorbete / pajita (popote),sorbete / pajita (popote),sorbete / pajita (popote),sorbete / pajita (popote),sorbete / pajita (popote),helado / nieve,sorbete / pajita (popote),sorbete / pajita (popote),sorbete / pajita (popote),sorbete / pajita (popote),popote / pajita,sorbete / pajita (popote),sorbete / pajita (popote),popote / pajita,popote / pajita,sorbete / pajita (popote),sorbete / pajita (popote)
helado,🍨,Comida,'helado','nieve' (de agua),helado,helado,helado,helado,helado,helado,helado,helado,'mantecado','helado','helado','helado','helado',helado,helado,'helado','helado','helado',helado
arepa,🫓,Doble sentido,pan de maíz (plato típico),pan de maíz (plato típico),pan de maíz (plato típico),pan de maíz (plato típico),pan de maíz (plato típico),pan de maíz (plato típico),pan de maíz (plato típico),pan de maíz (plato típico),pan de maíz (plato típico),pan de maíz (plato típico),pan de maíz (plato típico),arepa (comida),⚠️ doble sentido sexual,pan de maíz (plato típico),pan de maíz (plato típico),pan de maíz (plato típico),pan de maíz (plato típico),pan de maíz (plato típico),pan de maíz (plato típico),pan de maíz (plato típico),pan de maíz (plato típico)
arrecho,😡🔥,Estado ⚠️,enojado / bravo,excitado sexualmente ⚠️,enojado / bravo,enojado / bravo,enojado / bravo,enojado / bravo,enojado / bravo,enojado / bravo,enojado / bravo,enojado / bravo,enojado / bravo,genial / valiente ('qué arrecho'),enojado / bravo,enojado / bravo,excitado sexualmente ⚠️,enojado / bravo,enojado / bravo,enojado / bravo,enojado / bravo,enojado / bravo,enojado / bravo
templado,😍,Estado,valiente / firme,valiente / firme,entibiado / templado,entibiado / templado,entibiado / templado,entibiado / templado,entibiado / templado,entibiado / templado,entibiado / templado,entibiado / templado,entibiado / templado,entibiado / templado,entibiado / templado,enamorado,entibiado / templado,entibiado / templado,entibiado / templado,entibiado / templado,entibiado / templado,entibiado / templado,entibiado / templado
gamba,🦐💵,Doble sentido,'meter la gamba' = meter la pata / pierna,camarón (marisco),camarón (marisco),camarón (marisco),camarón (marisco),camarón (marisco),camarón (marisco),camarón (marisco),camarón (marisco),camarón (marisco),camarón (marisco),camarón (marisco),camarón (marisco),camarón (marisco),camarón (marisco),camarón (marisco),camarón (marisco),camarón (marisco),cien (de dinero),camarón (marisco),camarón (marisco)
palo,🪵,Doble sentido,'qué palo' = problema/golpe,palo / vara,palo / vara,palo / vara,palo / vara,palo / vara,palo / vara,palo / vara,palo / vara,trago de licor,trago de licor,palo / vara,trago de licor,palo / vara,palo / vara,palo / vara,palo / vara,palo / vara,un millón (de dinero),palo / vara,palo / vara
feria,🎡💰,Doble sentido,feria / mercado / kermés,dinero / cambio en monedas,feria / mercado / kermés,feria / mercado / kermés,feria / mercado / kermés,feria / mercado / kermés,feria / mercado / kermés,feria / mercado / kermés,feria / mercado / kermés,feria / mercado / kermés,feria / mercado / kermés,feria / mercado / kermés,feria / mercado / kermés,feria / mercado / kermés,feria / mercado / kermés,feria / mercado / kermés,feria / mercado / kermés,feria / mercado / kermés,feria / mercado / kermés,feria / mercado / kermés,feria / mercado / kermés
billete,💵,Dinero,billete (papel moneda),dinero / 'tener billete' = ser rico,billete (papel moneda),billete (papel moneda),billete (papel moneda),billete (papel moneda),billete (papel moneda),billete (papel moneda),billete (papel moneda),billete (papel moneda),billete (papel moneda),dinero / 'tener billete' = ser rico,dinero / 'tener billete' = ser rico,billete (papel moneda),billete (papel moneda),billete (papel moneda),billete (papel moneda),billete (papel moneda),billete (papel moneda),billete (papel moneda),billete (papel moneda)
molestar,😩,Verbo,'joder / dar la lata','fregar / dar lata',fastidiar / incomodar,fastidiar / incomodar,fastidiar / incomodar,fastidiar / incomodar,fastidiar / incomodar,fastidiar / incomodar,fastidiar / incomodar,fastidiar / incomodar,fastidiar / incomodar,'mamar gallo' = bromear/molestar,'mamar gallo' = bromear/molestar,fastidiar / incomodar,'fastidiar',fastidiar / incomodar,fastidiar / incomodar,'embromar / hinchar / romper','embromar / hinchar / romper',fastidiar / incomodar,fastidiar / incomodar
entender,💡,Verbo,'pillar / coger la onda','agarrar la onda / caer el veinte',comprender,comprender,comprender,comprender,comprender,comprender,comprender,comprender,comprender,'captar / coger','captar / coger',comprender,'cachar',comprender,comprender,comprender,'manyar' (lunfardo),'cachar',comprender
tipo,🧑,Persona,'tío / tipo','cuate / wey',individuo / sujeto,individuo / sujeto,individuo / sujeto,individuo / sujeto,individuo / sujeto,individuo / sujeto,individuo / sujeto,individuo / sujeto,individuo / sujeto,'man / parce','pana / chamo',individuo / sujeto,'pata / causa',individuo / sujeto,individuo / sujeto,individuo / sujeto,'chabón / loco / pibe','gallo / weón',individuo / sujeto
novio,💑,Persona,'novio','novio','novio','novio','novio','novio','novio','novio','novio','jevo / cuadre','novio','novio','jevo / cuadre','pelado','enamorado','enamorado',novio / pareja,'novio','novio','pololo',novio / pareja
tonto,🤪,Insulto,'gil / tonto / lerdo','pendejo',poco listo,'baboso / maje','baboso / maje','baboso / maje',poco listo,poco listo,poco listo,poco listo,poco listo,'güevón / bobo','pendejo',poco listo,'cojudo / huevas',poco listo,poco listo,poco listo,'boludo / pelotudo / gil / sonso','huevón / weón',poco listo
borracho,🥴,Estado,'borracho / tomado','pedo / jalado / hasta atrás','bolo','bolo',ebrio,ebrio,ebrio,ebrio,ebrio,ebrio,'jincho','borracho / tomado','rascado / prendido','jumado / chumado','borracho / tomado',ebrio,ebrio,'borracho / tomado','en pedo / mamado','curado / curao',ebrio
enojado,😠,Estado,'cabreado / mosqueado','emputado / encabronado',molesto / con rabia,'encachimbado',molesto / con rabia,'encachimbado',molesto / con rabia,molesto / con rabia,molesto / con rabia,molesto / con rabia,molesto / con rabia,'arrecho / emputado','arrecho / emputado',molesto / con rabia,'caliente / picado',molesto / con rabia,molesto / con rabia,molesto / con rabia,'con bronca / caliente','achacado',molesto / con rabia
guapo,😍,Persona,'guapo / bueno','churro / papacito / buenote',atractivo / bien parecido,atractivo / bien parecido,atractivo / bien parecido,atractivo / bien parecido,atractivo / bien parecido,atractivo / bien parecido,'guapo' = valiente/bravucón,'papito / mango','guapo' = valiente/bravucón,'buenmozo / pinta','papito / mango',atractivo / bien parecido,'buenmozo / pinta',atractivo / bien parecido,atractivo / bien parecido,atractivo / bien parecido,'churro / pintón','rico / regio',atractivo / bien parecido
bolígrafo,🖊️,Objeto,'boli / bolígrafo','pluma','lapicero','lapicero','lapicero','pluma / bolígrafo','pluma / bolígrafo','pluma / bolígrafo','pluma / bolígrafo','pluma / bolígrafo','pluma / bolígrafo','esfero / esferográfico','pluma / bolígrafo','esfero / esferográfico','lapicero','pluma / bolígrafo','pluma / bolígrafo','birome / lapicera','birome / lapicera','lápiz de pasta',instrumento para escribir
golosinas,🍬,Comida,'chucherías','gomitas / dulces','confites',dulces / caramelos,dulces / caramelos,dulces / caramelos,'confites',dulces / caramelos,dulces / caramelos,dulces / caramelos,dulces / caramelos,'caramelos / golosinas','chucherías','caramelos / golosinas','frunas / dulces',dulces / caramelos,dulces / caramelos,'caramelos / golosinas','caramelos / golosinas','caramelos / golosinas',dulces / caramelos
globo,🎈,Objeto,'globo','globo','bomba','bomba','vejiga','vejiga','globo','globo','globo','globo','globo','bomba','bomba','globo','globo','globo','globo','globo','globo','globo',globo (de aire)
cometa,🪁,Objeto,'cometa','papalote',cometa / juguete de viento,'piscucha',cometa / juguete de viento,cometa / juguete de viento,cometa / juguete de viento,cometa / juguete de viento,'papalote',cometa / juguete de viento,'chiringa','papagayo','papagayo','cometa','cometa',cometa / juguete de viento,'pandorga','barrilete','barrilete','volantín',cometa / juguete de viento
acera,🚶,Objeto / lugar,'acera','banqueta','acera','acera','acera','acera','acera','acera','acera','acera','acera','andén','acera','acera','vereda','vereda','acera','vereda','vereda','vereda',borde peatonal de la calle
atasco,🚗💢,Objeto / lugar,'atasco / atochamiento','embotellamiento',congestión de tráfico,congestión de tráfico,congestión de tráfico,congestión de tráfico,'presa','tranque',congestión de tráfico,'tapón','tapón','trancón','embotellamiento','embotellamiento','embotellamiento',congestión de tráfico,congestión de tráfico,congestión de tráfico,'embotellamiento','taco',congestión de tráfico
cuadra,🏘️,Objeto / lugar,'manzana','cuadra',tramo de calle entre esquinas,tramo de calle entre esquinas,tramo de calle entre esquinas,tramo de calle entre esquinas,tramo de calle entre esquinas,tramo de calle entre esquinas,tramo de calle entre esquinas,tramo de calle entre esquinas,tramo de calle entre esquinas,'cuadra','cuadra','cuadra','cuadra',tramo de calle entre esquinas,tramo de calle entre esquinas,'cuadra','cuadra','cuadra',tramo de calle entre esquinas
bacán,😎,Cualidad,genial / de calidad,genial / de calidad,genial / de calidad,genial / de calidad,genial / de calidad,genial / de calidad,genial / de calidad,genial / de calidad,buena persona / generoso,genial / de calidad,genial / de calidad,genial / de buena calidad,genial / de calidad,genial / de buena calidad,genial / de buena calidad,genial / de calidad,genial / de calidad,genial / de calidad,genial / de calidad,genial / de buena calidad,genial / de calidad
chamba,💼,Dinero,trabajo / empleo,trabajo,trabajo,trabajo,trabajo,trabajo,trabajo / empleo,trabajo / empleo,trabajo / empleo,trabajo / empleo,trabajo / empleo,trabajo / empleo,trabajo / empleo,trabajo,trabajo,trabajo / empleo,trabajo / empleo,trabajo / empleo,trabajo / empleo,trabajo / empleo,trabajo / empleo
pelado,🧑,Doble sentido,sin pelo / calvo,sin dinero ('estar pelado'),sin pelo / calvo,sin pelo / calvo,sin pelo / calvo,sin pelo / calvo,sin pelo / calvo,sin pelo / calvo,sin pelo / calvo,sin pelo / calvo,sin pelo / calvo,grosero / maleducado ('pelado'),sin dinero ('estar pelado'),niño / joven,sin pelo / calvo,sin pelo / calvo,sin pelo / calvo,sin pelo / calvo,sin dinero ('estar pelado'),sin pelo / calvo,sin pelo / calvo
man,🧑,Persona,tipo / individuo (del inglés),tipo / individuo (del inglés),tipo / individuo (del inglés),tipo / individuo (del inglés),tipo / individuo (del inglés),tipo / individuo (del inglés),tipo / individuo (del inglés),'man / amigo',tipo / individuo (del inglés),tipo / individuo (del inglés),tipo / individuo (del inglés),tipo / persona (incluso mujer: 'esa man'),'man / amigo',tipo / persona (incluso mujer: 'esa man'),tipo / individuo (del inglés),tipo / individuo (del inglés),tipo / individuo (del inglés),tipo / individuo (del inglés),tipo / individuo (del inglés),tipo / individuo (del inglés),tipo / individuo (del inglés)
chao,👋,Expresión,'chao / chau','bye / nos vemos',adiós / hasta luego,adiós / hasta luego,adiós / hasta luego,adiós / hasta luego,adiós / hasta luego,adiós / hasta luego,adiós / hasta luego,adiós / hasta luego,adiós / hasta luego,'chao / chau','chao / chau','chao / chau','chao / chau',adiós / hasta luego,adiós / hasta luego,'chao / chau','chao / chau','chao / chau',adiós / hasta luego
rico,😋,Cualidad,delicioso,atractivo ('está rico/a') ⚠️,delicioso,delicioso,delicioso,delicioso,delicioso,delicioso,delicioso,delicioso,delicioso,atractivo ('está rico/a') ⚠️,atractivo ('está rico/a') ⚠️,delicioso,delicioso,delicioso,delicioso,delicioso,delicioso,atractivo ('está rico/a') ⚠️,delicioso
chucho,🐕,Doble sentido,perro callejero,perro callejero,cárcel,perro callejero,frío ('hace chucho'),perro callejero,escalofrío / susto,perro callejero,perro callejero,perro callejero,perro callejero,perro callejero,perro callejero,perro callejero,perro callejero,perro callejero,perro callejero,perro callejero,perro callejero,perro callejero,perro callejero
bomba,💣,Doble sentido,bomba explosiva,bomba explosiva,bomba explosiva,bomba explosiva,bomba explosiva,bomba explosiva,gasolinera,bomba explosiva,bomba explosiva,bomba explosiva,bomba explosiva,globo,globo,copla / verso (folclor),bomba explosiva,bomba explosiva,bomba explosiva,bomba explosiva,borrachera ('agarrar una bomba'),gasolinera,bomba explosiva
micro,🚐,Objeto,microondas / lo pequeño,autobús pequeño,autobús pequeño,autobús pequeño,autobús pequeño,autobús pequeño,autobús pequeño,autobús pequeño,autobús pequeño,autobús pequeño,autobús pequeño,autobús pequeño,autobús pequeño,autobús pequeño,autobús pequeño,autobús pequeño,autobús pequeño,autobús pequeño,microbús,microbús,autobús pequeño
once,🕚🍞,Doble sentido,el número 11,el número 11,el número 11,el número 11,el número 11,el número 11,el número 11,el número 11,el número 11,el número 11,el número 11,el número 11,el número 11,el número 11,el número 11,el número 11,el número 11,el número 11,el número 11,merienda de la tarde ('tomar once'),el número 11
tuani / tuanis,👌,Cualidad,genial / bien,genial / bien,genial / bien,genial / bien,genial / bien,genial / bien,genial / bien,genial / bien,genial / bien,genial / bien,genial / bien,genial / bien,genial / bien,genial / bien,genial / bien,genial / bien,genial / bien,genial / bien,genial / bien,genial / bien,genial / bien
fresco,😎,Doble sentido,descarado / atrevido,descarado / atrevido,frío / fresco (temperatura),frío / fresco (temperatura),frío / fresco (temperatura),frío / fresco (temperatura),refresco / jugo natural,frío / fresco (temperatura),frío / fresco (temperatura),frío / fresco (temperatura),frío / fresco (temperatura),refresco / jugo natural,frío / fresco (temperatura),frío / fresco (temperatura),frío / fresco (temperatura),frío / fresco (temperatura),frío / fresco (temperatura),frío / fresco (temperatura),frío / fresco (temperatura),frío / fresco (temperatura),frío / fresco (temperatura)
nota,🎵,Doble sentido,nota musical / calificación,efecto de droga/alcohol ('en nota'),nota musical / calificación,nota musical / calificación,nota musical / calificación,nota musical / calificación,nota musical / calificación,nota musical / calificación,nota musical / calificación,nota musical / calificación,nota musical / calificación,efecto de droga/alcohol ('en nota'),'qué nota' = qué bueno/genial,nota musical / calificación,nota musical / calificación,nota musical / calificación,nota musical / calificación,nota musical / calificación,nota musical / calificación,nota musical / calificación,nota musical / calificación
man / mano,✋,Persona,mano / amigo,'mano / manito' = amigo,mano / amigo,mano / amigo,mano / amigo,mano / amigo,'mae / mano',mano / amigo,mano / amigo,'mano / manito' = amigo,mano / amigo,mano / amigo,mano / amigo,mano / amigo,mano / amigo,mano / amigo,mano / amigo,mano / amigo,mano / amigo,mano / amigo,mano / amigo
chimbo,👎,Doble sentido,falso / de mala calidad,falso / de mala calidad,falso / de mala calidad,falso / de mala calidad,falso / de mala calidad,falso / de mala calidad,falso / de mala calidad,falso / de mala calidad,falso / de mala calidad,falso / de mala calidad,falso / de mala calidad,⚠️ relativo a 'chimba',falso / malo,falso / de mala calidad,falso / de mala calidad,falso / de mala calidad,falso / de mala calidad,falso / de mala calidad,falso / de mala calidad,falso / de mala calidad,falso / de mala calidad
pinta,🎨,Doble sentido,cerveza (medida) / trago,novillos: 'irse de pinta' = faltar a clase,aspecto / facha,aspecto / facha,aspecto / facha,aspecto / facha,aspecto / facha,aspecto / facha,aspecto / facha,aspecto / facha,aspecto / facha,buena apariencia ('tener pinta'),aspecto / facha,aspecto / facha,aspecto / facha,aspecto / facha,aspecto / facha,aspecto / facha,buena apariencia ('tener pinta'),aspecto / facha,aspecto / facha
chela,🍺,Doble sentido,cerveza,cerveza,cerveza,cerveza,persona rubia/de piel clara ('chele/chela'),persona rubia/de piel clara ('chele/chela'),cerveza,cerveza,cerveza,cerveza,cerveza,cerveza,cerveza,cerveza,cerveza,cerveza,cerveza,cerveza,cerveza,cerveza,cerveza
mecato,🍿,Comida,picadera / botana entre comidas,picadera / botana entre comidas,picadera / botana entre comidas,picadera / botana entre comidas,picadera / botana entre comidas,picadera / botana entre comidas,picadera / botana entre comidas,picadera / botana entre comidas,picadera / botana entre comidas,picadera / botana entre comidas,picadera / botana entre comidas,snack / pasaboca,picadera / botana entre comidas,picadera / botana entre comidas,picadera / botana entre comidas,picadera / botana entre comidas,picadera / botana entre comidas,picadera / botana entre comidas,picadera / botana entre comidas,picadera / botana entre comidas,picadera / botana entre comidas
botana,🍢,Comida,'tapas / picoteo','botana',aperitivo / snack,aperitivo / snack,aperitivo / snack,aperitivo / snack,aperitivo / snack,aperitivo / snack,aperitivo / snack,'bocadillo / picadera','bocadillo / picadera','pasabocas / mecato','pasapalos',aperitivo / snack,'piqueo',aperitivo / snack,aperitivo / snack,aperitivo / snack,'picada / picoteo','picada / picoteo',aperitivo / snack
chamo / chamito,🧒,Persona,niño / joven,niño / joven,niño / joven,niño / joven,niño / joven,niño / joven,niño / joven,niño / joven,niño / joven,niño / joven,niño / joven,niño / joven,niño / joven,niño / joven,niño / joven,niño / joven,niño / joven,niño / joven,niño / joven,niño / joven,niño / joven
