numero,palabra,significado_a,significado_b_otro_pais,emoji,categoria
1,Coger,🇪🇸🇨🇴 Tomar/agarrar,🇲🇽🇦🇷 Tener sexo ⚠️,🍆😳,"Doble sentido y regionalismos ""peligrosos"" ⚠️"
2,Concha,🇪🇸🇲🇽 Caparazón / pan dulce,🇦🇷🇺🇾 Genital femenino ⚠️,🐚🙈,"Doble sentido y regionalismos ""peligrosos"" ⚠️"
3,Verga,🇲🇽🇸🇻 Genital masc. ⚠️,"🇻🇪 Muletilla (""a la verga"")",🍆🔥,"Doble sentido y regionalismos ""peligrosos"" ⚠️"
4,Polla,🇪🇸 Genital masc. ⚠️,🇨🇱 Lotería/quiniela · 🌎 gallina joven,🐓😅,"Doble sentido y regionalismos ""peligrosos"" ⚠️"
5,Pija / Pijo,🇦🇷 Genital masc. ⚠️,🇪🇸 Persona fresa/snob,💅😏,"Doble sentido y regionalismos ""peligrosos"" ⚠️"
6,Bicho,🌎 Insecto,🇵🇷 Genital masc. ⚠️ · 🇸🇻 Niño,🐛😏,"Doble sentido y regionalismos ""peligrosos"" ⚠️"
7,Papaya,🌎 Fruta,"🇨🇺 Genital fem. ⚠️ · 🇨🇴 ""dar papaya"" = exponerse",🟠🙊,"Doble sentido y regionalismos ""peligrosos"" ⚠️"
8,Cajeta,🇲🇽 Dulce de leche 😋,🇦🇷 Genital fem. ⚠️,🍮😳,"Doble sentido y regionalismos ""peligrosos"" ⚠️"
9,Chucha,🇨🇴🇪🇨 Mal olor/axila,🇨🇱🇵🇪 Genital fem. ⚠️,😬🙊,"Doble sentido y regionalismos ""peligrosos"" ⚠️"
10,Cuca,🇲🇽 Galleta / cucaracha,🇨🇴🇨🇺 Genital fem. ⚠️,🍪😶,"Doble sentido y regionalismos ""peligrosos"" ⚠️"
11,Pinga,🌎 —,🇨🇺🇵🇪 Genital masc. ⚠️ · 🇻🇪 fastidio,🍆,"Doble sentido y regionalismos ""peligrosos"" ⚠️"
12,Pico,🌎 Pico de ave/montaña,🇨🇱 Genital masc. ⚠️,⛰️😅,"Doble sentido y regionalismos ""peligrosos"" ⚠️"
13,Corneta,🌎 Instrumento,🇻🇪 Tonto/lento,🎺🤪,"Doble sentido y regionalismos ""peligrosos"" ⚠️"
14,Cola,🌎 Fila / rabo,"🇻🇪 ""dar la cola"" = aventón · 🇨🇴 trasero",🍑🚗,"Doble sentido y regionalismos ""peligrosos"" ⚠️"
15,Goma,🇲🇽 Cruda/resaca,🇪🇸 Borrador · 🇦🇷 condón ⚠️ · 🇨🇷 ¡amistad!,🩹🍷,"Doble sentido y regionalismos ""peligrosos"" ⚠️"
16,Pendejo,🇲🇽🇻🇪 Tonto/idiota,🇦🇷 Niño/joven · 🇵🇪 Astuto,🤦,"Doble sentido y regionalismos ""peligrosos"" ⚠️"
17,Boludo,"🇦🇷🇺🇾 Tonto / ""che amigo""",🌎 —,🤙😜,"Doble sentido y regionalismos ""peligrosos"" ⚠️"
18,Huevón,🇲🇽 Flojo/perezoso,"🇨🇱🇨🇴 Amigo/""weón"" · 🇵🇪 tonto",🥚😴,"Doble sentido y regionalismos ""peligrosos"" ⚠️"
19,Cabrón,"🇲🇽 Tipo rudo / ""crack"" o insulto",🇪🇸 Cornudo ⚠️,😈🔥,"Doble sentido y regionalismos ""peligrosos"" ⚠️"
20,Chingar,"🇲🇽 Molestar / ""comodín"" total",🇪🇸 raro · ⚠️ sexual en MX,😤🔥,"Doble sentido y regionalismos ""peligrosos"" ⚠️"
21,Pisar,🌎 Caminar sobre algo,🇨🇴🇻🇪 Tener sexo ⚠️,👟😳,"Doble sentido y regionalismos ""peligrosos"" ⚠️"
22,Acabar,🌎 Terminar,🌎 Llegar al orgasmo ⚠️ (coloquial),✅😳,"Doble sentido y regionalismos ""peligrosos"" ⚠️"
23,Correrse,🇪🇸 Orgasmo ⚠️,🇲🇽 Hacerse a un lado,💨😅,"Doble sentido y regionalismos ""peligrosos"" ⚠️"
24,Templarse,🌎 Calmarse,🇪🇨 Enamorarse,😍,"Doble sentido y regionalismos ""peligrosos"" ⚠️"
25,Tortillera,🇲🇽 Quien hace tortillas,🌎 Lesbiana (despectivo) ⚠️,🫓😶,"Doble sentido y regionalismos ""peligrosos"" ⚠️"
26,Maricón,🌎 Insulto homofóbico ⚠️,"🇨🇱🇻🇪 ""weón/pana"" (entre amigos)",😅,"Doble sentido y regionalismos ""peligrosos"" ⚠️"
27,Mamar,🌎 Lactar,"🇲🇽 ""mamadísimo""=musculoso/""no mames""=¡no jodas!",💪😮,"Doble sentido y regionalismos ""peligrosos"" ⚠️"
28,Coger la onda,🇲🇽 Entender,—,💡,"Doble sentido y regionalismos ""peligrosos"" ⚠️"
29,Tirar,🇪🇸 Lanzar,🇦🇷🇨🇴 Tener sexo ⚠️ · 🇨🇱 funcionar,🛏️😳,"Doble sentido y regionalismos ""peligrosos"" ⚠️"
30,Culo,🌎 Trasero ⚠️,"🇦🇷 ""del culo""=pésimo · 🇻🇪 pareja sexual",🍑,"Doble sentido y regionalismos ""peligrosos"" ⚠️"
31,Cachar,🇨🇱🇵🇪 Entender/atrapar,🇨🇱 tener sexo ⚠️,🤔,"Doble sentido y regionalismos ""peligrosos"" ⚠️"
32,Pinche,🇲🇽 Maldito / despreciable,🇪🇸 Ayudante de cocina,😠🔪,"Doble sentido y regionalismos ""peligrosos"" ⚠️"
33,Güey / Wey,🇲🇽 Amigo/tipo,🌎 —,🤙😎,"Doble sentido y regionalismos ""peligrosos"" ⚠️"
34,Vaina,🇨🇴🇻🇪🇩🇴 Cosa/asunto,🌎 Funda/legumbre,🤷,"Doble sentido y regionalismos ""peligrosos"" ⚠️"
35,Joder,"🇪🇸 Molestar/""¡joder!""",🌎 sexual ⚠️,😤,"Doble sentido y regionalismos ""peligrosos"" ⚠️"
36,Follar,🇪🇸 Tener sexo ⚠️,🌎 raro fuera de España,🛏️,"Doble sentido y regionalismos ""peligrosos"" ⚠️"
37,Chichí,🇲🇽 Seno/pecho,"🇬🇹 Abuela · 🇦🇷 fácil (""una chichí"")",🤱,"Doble sentido y regionalismos ""peligrosos"" ⚠️"
38,Teta,🌎 Seno ⚠️,"🇪🇸 ""de teta""=genial",😅👌,"Doble sentido y regionalismos ""peligrosos"" ⚠️"
39,Pelotas,🌎 Testículos ⚠️,"🇦🇷 ""en pelotas""=desnudo",⚽😳,"Doble sentido y regionalismos ""peligrosos"" ⚠️"
40,Cachondo,🇪🇸 Excitado ⚠️ / gracioso,🌎 —,😏,"Doble sentido y regionalismos ""peligrosos"" ⚠️"
41,Torta,🌎 Pastel,🇲🇽 Sándwich · 🇦🇷 golpe/bofetada,🎂🥪,Comida y bebida 🍽️
42,Tortilla,🇲🇽 Disco de maíz,🇪🇸 Omelette de huevo,🫓🍳,Comida y bebida 🍽️
43,Bizcocho,🇪🇸 Pastel,🇩🇴🇵🇷 Pastel/torta · ⚠️ piropo,🍰,Comida y bebida 🍽️
44,Pastel,🌎 Postre,"🇲🇽 también; 🇨🇴 ""pastel""=fácil/lento",🎂,Comida y bebida 🍽️
45,Fresa,🌎 Fruta,🇲🇽 Persona snob/fifí,🍓💅,Comida y bebida 🍽️
46,Frutilla,🇦🇷🇨🇱🇺🇾 Fresa,🌎 —,🍓,Comida y bebida 🍽️
47,Durazno,🇲🇽🌎 Melocotón,"🇪🇸 ""melocotón""",🍑,Comida y bebida 🍽️
48,Palta,🇦🇷🇨🇱🇵🇪 Aguacate,"🇲🇽 ""aguacate"" · 🇨🇱 ""hacer la palta""=vergüenza",🥑,Comida y bebida 🍽️
49,Aguacate,🇲🇽🇨🇴 Palta,🌎 —,🥑,Comida y bebida 🍽️
50,Banana,🇦🇷 Plátano,"🇲🇽 ""plátano"" · 🇨🇴 ""banano"" · 🇻🇪 ""cambur""",🍌,Comida y bebida 🍽️
51,Plátano,🇲🇽🇪🇸 Banana,"🇨🇴 plátano (verde, para freír)",🍌,Comida y bebida 🍽️
52,Cambur,🇻🇪 Plátano/banana,"🇻🇪 también ""buen puesto de trabajo""",🍌,Comida y bebida 🍽️
53,Choclo,🇦🇷🇨🇱🇵🇪 Maíz/elote,"🇲🇽 ""elote""",🌽,Comida y bebida 🍽️
54,Elote,🇲🇽 Mazorca de maíz,"🌎 ""choclo/mazorca""",🌽,Comida y bebida 🍽️
55,Pochoclo / Pururú,🇦🇷 Palomitas,"🇲🇽 ""palomitas"" · 🇨🇴 ""crispetas"" · 🇵🇪 ""canchita""",🍿,Comida y bebida 🍽️
56,Maní,🌎 Cacahuate,"🇲🇽 ""cacahuate""",🥜,Comida y bebida 🍽️
57,Poroto,🇦🇷🇨🇱 Frijol,"🇲🇽 ""frijol"" · 🇪🇸 ""judía/alubia""",🫘,Comida y bebida 🍽️
58,Caraotas,🇻🇪 Frijoles negros,🌎 —,🫘,Comida y bebida 🍽️
59,Jugo,🌎 Zumo de fruta,"🇪🇸 ""zumo""",🧃,Comida y bebida 🍽️
60,Refresco / Gaseosa,🇲🇽 Refresco,"🇦🇷🇨🇴 ""gaseosa"" · 🇵🇪 ""gaseosa"" · 🇪🇸 ""refresco""",🥤,Comida y bebida 🍽️
61,Bombilla,🇪🇸 Foco/luz,🇦🇷 Sorbete del mate,💡🧉,Comida y bebida 🍽️
62,Pajita / Popote / Pitillo,"🇪🇸 ""pajita""","🇲🇽 ""popote"" · 🇨🇴 ""pitillo"" · 🇦🇷 ""sorbete""",🥤,Comida y bebida 🍽️
63,Tinto,🇪🇸 Vino tinto,🇨🇴 Café negro,🍷☕,Comida y bebida 🍽️
64,Chela,🇲🇽🇬🇹 Cerveza,🌎 —,🍺,Comida y bebida 🍽️
65,Birra,🇦🇷🇪🇸 Cerveza,🌎 —,🍺,Comida y bebida 🍽️
66,Pola,🇨🇴 Cerveza,🌎 —,🍺,Comida y bebida 🍽️
67,Caña,🇪🇸 Cerveza de barril,🇦🇷 ron/aguardiente,🍺,Comida y bebida 🍽️
68,Guaro,🇨🇷🇨🇴 Aguardiente,🌎 —,🥃,Comida y bebida 🍽️
69,Trago,🌎 Sorbo/bebida,"🇨🇴🇨🇱 ""salir de trago""=salir a beber",🥃,Comida y bebida 🍽️
70,Pisco,🇵🇪🇨🇱 Aguardiente de uva,(disputa Perú vs Chile 😄),🍇🥃,Comida y bebida 🍽️
71,Completo,🇨🇱 Hot dog gigante,"🌎 ""lleno/terminado""",🌭,Comida y bebida 🍽️
72,Guagua,🇨🇺🇵🇷🇮🇨 Autobús,🇨🇱🇪🇨 Bebé,🚌👶,Comida y bebida 🍽️
73,Pavo,🌎 Guajolote,"🇪🇸 ""pavo""=euro (jerga) · tonto",🦃,Comida y bebida 🍽️
74,Guajolote,🇲🇽 Pavo,🌎 —,🦃,Comida y bebida 🍽️
75,Chamoy,🇲🇽 Salsa agridulce,🌎 —,🍬,Comida y bebida 🍽️
76,Bombón,🌎 Dulce/chocolate,🌎 persona atractiva 😍,🍬😍,Comida y bebida 🍽️
77,Pija (comida),—,(ver doble sentido),—,Comida y bebida 🍽️
78,Empanada,🌎 Masa rellena,(estilos muy distintos por país),🥟,Comida y bebida 🍽️
79,Arepa,🇻🇪🇨🇴 Pan de maíz,⚠️ doble sentido en VE,🫓,Comida y bebida 🍽️
80,Marraqueta / Bolillo / Pan francés,"🇨🇱 ""marraqueta""","🇲🇽 ""bolillo"" · 🇵🇪 ""pan francés""",🥖,Comida y bebida 🍽️
81,Remera,🇦🇷🇺🇾 Camiseta,"🇲🇽 ""playera"" · 🇨🇱 ""polera"" · 🇻🇪 ""franela""",👕,"Ropa, objetos y casa 👕"
82,Playera,🇲🇽 Camiseta,🌎 —,👕,"Ropa, objetos y casa 👕"
83,Polera,🇨🇱 Camiseta,🇦🇷 cuello alto,👕,"Ropa, objetos y casa 👕"
84,Franela,🇻🇪 Camiseta,🇲🇽 trapo/tela,👕🧹,"Ropa, objetos y casa 👕"
85,Buzo,🇦🇷🇨🇱 Sudadera,"🌎 Buceador · 🇨🇴 ""sudadera""",🧥🤿,"Ropa, objetos y casa 👕"
86,Chompa,🇵🇪🇪🇨 Suéter/chaqueta,🌎 —,🧥,"Ropa, objetos y casa 👕"
87,Polo,🇵🇪 Camiseta,🇪🇸 tipo de playera con cuello,👕,"Ropa, objetos y casa 👕"
88,Saco,🌎 Bolsa/costal,🇲🇽🇨🇴 Blazer/chaqueta de vestir,🧥,"Ropa, objetos y casa 👕"
89,Campera,🇦🇷 Chaqueta/abrigo,"🇲🇽 ""chamarra"" · 🇪🇸 ""cazadora""",🧥,"Ropa, objetos y casa 👕"
90,Chamarra,🇲🇽 Chaqueta,🌎 —,🧥,"Ropa, objetos y casa 👕"
91,Chancla / Chancleta,🇲🇽 Sandalia,"🇦🇷 ""ojota"" · 🇨🇴 ""chancla""=¡regaño con sandalia! 😂",🩴,"Ropa, objetos y casa 👕"
92,Ojotas,🇦🇷 Sandalias,🌎 —,🩴,"Ropa, objetos y casa 👕"
93,Cachucha / Gorra,🇲🇽 Gorra,"🇪🇸 ""gorra"" · ⚠️ vulgar en algunos países",🧢,"Ropa, objetos y casa 👕"
94,Zapatillas,🇪🇸🇦🇷 Tenis/deportivos,"🇲🇽 ""tenis"" · 🇨🇴 ""tenis""",👟,"Ropa, objetos y casa 👕"
95,Tenis,🇲🇽🇨🇴 Calzado deportivo,🇪🇸 el deporte,👟🎾,"Ropa, objetos y casa 👕"
96,Pollera,🇦🇷🇵🇦 Falda,"🇲🇽 ""falda""",👗,"Ropa, objetos y casa 👕"
97,Calzón / Bombacha,🇲🇽 Ropa interior,"🇦🇷 ""bombacha"" · 🇪🇸 ""bragas""",🩲,"Ropa, objetos y casa 👕"
98,Lentes / Gafas / Anteojos,"🇲🇽 ""lentes""","🇪🇸🇨🇴 ""gafas"" · 🇦🇷 ""anteojos""",👓,"Ropa, objetos y casa 👕"
99,Celular / Móvil,"🌎 ""celular""","🇪🇸 ""móvil""",📱,"Ropa, objetos y casa 👕"
100,Computador(a) / Ordenador,"🌎 ""computadora""","🇪🇸 ""ordenador""",💻,"Ropa, objetos y casa 👕"
101,Refri / Nevera / Heladera,"🇲🇽 ""refri""","🇨🇴🇻🇪 ""nevera"" · 🇦🇷 ""heladera""",🧊,"Ropa, objetos y casa 👕"
102,Cuarto / Pieza / Recámara,"🇲🇽 ""recámara""","🇨🇱 ""pieza"" · 🇪🇸 ""habitación""",🛏️,"Ropa, objetos y casa 👕"
103,Departamento / Piso,"🌎 ""depa""","🇪🇸 ""piso""",🏢,"Ropa, objetos y casa 👕"
104,Pileta / Alberca / Piscina,"🇦🇷 ""pileta""","🇲🇽 ""alberca"" · 🌎 ""piscina""",🏊,"Ropa, objetos y casa 👕"
105,Frazada / Cobija / Manta,"🇲🇽 ""cobija""","🇦🇷 ""frazada"" · 🇪🇸 ""manta""",🛌,"Ropa, objetos y casa 👕"
106,Llave / Grifo / Canilla / Caño,"🇲🇽 ""llave""","🇪🇸 ""grifo"" · 🇦🇷 ""canilla"" · 🇵🇪 ""caño""",🚰,"Ropa, objetos y casa 👕"
107,Cerillos / Fósforos / Cerillas,"🇲🇽 ""cerillos""","🇦🇷 ""fósforos"" · 🇪🇸 ""cerillas""",🔥,"Ropa, objetos y casa 👕"
108,Bolígrafo / Pluma / Lapicera / Birome,"🇲🇽 ""pluma""","🇦🇷 ""birome/lapicera"" · 🇪🇸 ""boli""",🖊️,"Ropa, objetos y casa 👕"
109,Pegamento / Goma / Cola / Resistol,"🇲🇽 ""resistol/pegamento""","🇪🇸 ""pegamento"" · 🇦🇷 ""plasticola""",🧴,"Ropa, objetos y casa 👕"
110,Recámara,(ver 102),—,🛏️,"Ropa, objetos y casa 👕"
111,Lana,🇲🇽 Dinero,🌎 Lana de oveja,🐑💰,Dinero y trabajo 💰
112,Plata,🌎 Dinero,🌎 metal,🪙,Dinero y trabajo 💰
113,Pisto,🇬🇹🇸🇻🇭🇳 Dinero,🇪🇸 Plato de verduras,💵🍳,Dinero y trabajo 💰
114,Varo / Varos,🇲🇽 Dinero/peso,🌎 —,💵,Dinero y trabajo 💰
115,Luca,🇨🇱🇦🇷 Mil (de moneda),🌎 —,💵,Dinero y trabajo 💰
116,Gamba,🇦🇷 Cien pesos,🇪🇸 Camarón 🦐,🦐💵,Dinero y trabajo 💰
117,Palo,🇦🇷🇪🇸 Un millón,🌎 Bastón,🪵,Dinero y trabajo 💰
118,Guita,🇦🇷🇪🇸 Dinero,🌎 —,💰,Dinero y trabajo 💰
119,Feria,🇲🇽 Dinero/cambio (monedas),🌎 Fiesta/mercado,🎡💰,Dinero y trabajo 💰
120,Billete,🌎 Dinero,"🇲🇽 ""tener billete""=ser rico",💵,Dinero y trabajo 💰
121,Chamba,🇲🇽🇵🇪 Trabajo,🌎 zanja,💼,Dinero y trabajo 💰
122,Laburo,🇦🇷🇺🇾 Trabajo,🌎 —,💼,Dinero y trabajo 💰
123,Pega,🇨🇱 Trabajo,🌎 pegamento/golpe,💼,Dinero y trabajo 💰
124,Curro,"🇪🇸 Trabajo (a veces ""chanchullo"")",🌎 —,💼,Dinero y trabajo 💰
125,Camello,🇨🇴 Trabajo,🌎 Animal 🐪,🐪💼,Dinero y trabajo 💰
126,Cambur,🇻🇪 Buen puesto,(ver 52),💼,Dinero y trabajo 💰
127,Tianguis,🇲🇽 Mercado callejero,🌎 —,🛒,Dinero y trabajo 💰
128,Chivear / Chivo,🇸🇻 Genial; 🇭🇳 soborno,🌎 Cabra 🐐,🐐,Dinero y trabajo 💰
129,Mordida,🇲🇽 Soborno,🌎 Mordisco,🤑,Dinero y trabajo 💰
130,Coima,🇦🇷🇨🇱🇵🇪 Soborno,🌎 —,🤑,Dinero y trabajo 💰
131,Güey / Wey,🇲🇽 Amigo/tipo,—,🤙,"Amigo, persona y trato social 🫂"
132,Carnal,🇲🇽 Amigo/hermano,🌎 carnal/de sangre,🤝,"Amigo, persona y trato social 🫂"
133,Pana,🇻🇪🇪🇨🇩🇴 Amigo,🇪🇸 Tela de pana,🤝,"Amigo, persona y trato social 🫂"
134,Parce / Parcero,🇨🇴 Amigo,🌎 —,🤝,"Amigo, persona y trato social 🫂"
135,Llave / Llavería,🇨🇴 Amigo de confianza,🌎 Llave de puerta,🔑🤝,"Amigo, persona y trato social 🫂"
136,Causa,🇵🇪 Amigo,🇵🇪 platillo de papa,🤝🥔,"Amigo, persona y trato social 🫂"
137,Pata,🇵🇪 Amigo,🌎 Pata de animal,🦵🤝,"Amigo, persona y trato social 🫂"
138,Mae,🇨🇷 Tipo/amigo,🌎 —,🤙,"Amigo, persona y trato social 🫂"
139,Maje,🇸🇻🇳🇮 Amigo/tipo (o tonto),🌎 —,🤙,"Amigo, persona y trato social 🫂"
140,Cuate,🇲🇽 Amigo,🇲🇽 también gemelo,👯,"Amigo, persona y trato social 🫂"
141,Chamo / Chama,"🇻🇪 Chico/a, joven",🌎 —,🧑,"Amigo, persona y trato social 🫂"
142,Chaval / Chavo,"🇪🇸 ""chaval""","🇲🇽 ""chavo"" · 🇳🇮 ""chavalo""",🧑,"Amigo, persona y trato social 🫂"
143,Pibe / Piba,🇦🇷🇺🇾 Chico/a,🌎 —,🧑,"Amigo, persona y trato social 🫂"
144,Chibolo / Chibola,🇵🇪 Niño/a,🌎 —,🧒,"Amigo, persona y trato social 🫂"
145,Guagua,🇨🇱🇪🇨 Bebé,(ver 72 autobús),👶,"Amigo, persona y trato social 🫂"
146,Chamaco,🇲🇽 Niño/chico,🌎 —,🧒,"Amigo, persona y trato social 🫂"
147,Wacho / Guacho,🇨🇱 Tipo/persona,🇦🇷 huérfano/solo,🧑,"Amigo, persona y trato social 🫂"
148,Tío / Tía,🇪🇸 Amigo/tipo (jerga),🌎 Tío de familia,🧑,"Amigo, persona y trato social 🫂"
149,Chacho / Acho,🇮🇨🇲🇽(yuc) Muchacho/expresión,🌎 —,🧑,"Amigo, persona y trato social 🫂"
150,Compa,🇲🇽 Amigo/compadre,🌎 —,🤝,"Amigo, persona y trato social 🫂"
151,Broki / Brother,🌎(jerga) Amigo,🌎 —,🤝,"Amigo, persona y trato social 🫂"
152,Ñero / Ñ,🇨🇴🇲🇽 Amigo (o naco/bajo),🌎 —,🤙,"Amigo, persona y trato social 🫂"
153,Naco,🇲🇽 Corriente/sin clase,🌎 —,🙄,"Amigo, persona y trato social 🫂"
154,Cholo / Choro,🇵🇪 De ascendencia andina (a veces despectivo),"🇨🇱 ""choro""=ladrón/genial",🧑,"Amigo, persona y trato social 🫂"
155,Roto,🇨🇱 Maleducado/clase baja,🌎 Roto (quebrado) · 🇵🇪 chileno (despect.),😤,"Amigo, persona y trato social 🫂"
156,Gil,🇦🇷 Tonto/ingenuo,🌎 —,🤪,"Amigo, persona y trato social 🫂"
157,Pelado,🇨🇴🇪🇨 Chico/joven,🌎 Calvo/sin dinero,🧑,"Amigo, persona y trato social 🫂"
158,Sapo,🇨🇴 Chismoso/soplón,🌎 Rana 🐸,🐸👀,"Amigo, persona y trato social 🫂"
159,Lagarto,🇻🇪 Aprovechado/lambón,🌎 Reptil 🦎,🦎,"Amigo, persona y trato social 🫂"
160,Jeva / Jevo,🇻🇪🇩🇴 Novia/o,🌎 —,💑,"Amigo, persona y trato social 🫂"
161,Chido,🇲🇽 Genial/cool,🌎 —,😎,"""Genial / cool / bueno"" 🤙"
162,Padre / Padrísimo,🇲🇽 Genial,🌎 Padre/papá,😎,"""Genial / cool / bueno"" 🤙"
163,Chévere,🇻🇪🇨🇴🇵🇪 Genial,🌎 —,😎,"""Genial / cool / bueno"" 🤙"
164,Bacán / Bacano,🇨🇱🇵🇪🇨🇴 Genial,🌎 —,😎,"""Genial / cool / bueno"" 🤙"
165,Chimba,"🇨🇴 Genial (""¡qué chimba!"")",⚠️ vulgar en otros,🔥,"""Genial / cool / bueno"" 🤙"
166,Guay,🇪🇸 Genial,🌎 —,😎,"""Genial / cool / bueno"" 🤙"
167,Molón / Mola,"🇪🇸 ""mola""=está genial",🌎 —,😎,"""Genial / cool / bueno"" 🤙"
168,Tuanis,🇨🇷 Genial/bien,🌎 —,👌,"""Genial / cool / bueno"" 🤙"
169,Pulenta,🇨🇱 Genial/de calidad,🌎 —,👌,"""Genial / cool / bueno"" 🤙"
170,Brutal / Burda,"🇻🇪 ""burda""=muchísimo/genial",🌎 Brutal=violento,🔥,"""Genial / cool / bueno"" 🤙"
171,Calidá / Calidad,🇬🇹 Genial,🌎 cualidad,👌,"""Genial / cool / bueno"" 🤙"
172,Vacano / Vacán,🇨🇴🇪🇨 Genial,🌎 —,😎,"""Genial / cool / bueno"" 🤙"
173,Fino,🇻🇪 Genial/bien,🌎 delgado/elegante,👌,"""Genial / cool / bueno"" 🤙"
174,Joya,🇦🇷 Perfecto/genial,🌎 Alhaja 💎,💎👌,"""Genial / cool / bueno"" 🤙"
175,Bárbaro,🇦🇷 Genial,🌎 Salvaje,🔥,"""Genial / cool / bueno"" 🤙"
176,Cague de risa / Caña,"🇦🇷 ""un cague""=divertidísimo",🌎 —,😂,"""Genial / cool / bueno"" 🤙"
177,Bestial,🌎 Increíble,🌎 Bestia/animal,🔥,"""Genial / cool / bueno"" 🤙"
178,Choro (bueno),"🇨🇱 ""la choriza""=lo mejor",(ver 154),😎,"""Genial / cool / bueno"" 🤙"
179,Pinta / Pintón,🇦🇷🇨🇴 Buen aspecto/guapo,🌎 Pintura,😍,"""Genial / cool / bueno"" 🤙"
180,Facha / Fachero,🇦🇷 Con estilo/guapo,"🇪🇸 ""facha""=fascista (¡cuidado!)",😎,"""Genial / cool / bueno"" 🤙"
181,Fome,🇨🇱 Aburrido,🌎 —,🥱,"""Malo / feo / molesto / aburrido"" 😤"
182,Choto / Cho,🇦🇷 Malo/de mala calidad,🌎 —,👎,"""Malo / feo / molesto / aburrido"" 😤"
183,Chafa,🇲🇽 De mala calidad,🌎 —,👎,"""Malo / feo / molesto / aburrido"" 😤"
184,Charcha,🇨🇱 De mala calidad/feo,🌎 —,👎,"""Malo / feo / molesto / aburrido"" 😤"
185,Corroncho,🇨🇴 Corriente/naco,🌎 —,🙄,"""Malo / feo / molesto / aburrido"" 😤"
186,Lapa,🇻🇪 Pesado/pegajoso,🌎 Molusco,🐌,"""Malo / feo / molesto / aburrido"" 😤"
187,Ladilla,🇻🇪 Fastidio/persona pesada,🌎 Insecto ⚠️,😩,"""Malo / feo / molesto / aburrido"" 😤"
188,Mamón,🇲🇽 Presumido/odioso,🇪🇸 Bebé que mama / tonto,🙄,"""Malo / feo / molesto / aburrido"" 😤"
189,Sangrón,🇲🇽 Antipático,🌎 —,😒,"""Malo / feo / molesto / aburrido"" 😤"
190,Pesado,🌎 Molesto,🌎 Que pesa,😩,"""Malo / feo / molesto / aburrido"" 😤"
191,Cargante,🇪🇸 Molesto,🌎 —,😩,"""Malo / feo / molesto / aburrido"" 😤"
192,Plomo,🇵🇪🇨🇱 Aburrido/molesto,🌎 Metal,😴,"""Malo / feo / molesto / aburrido"" 😤"
193,Paja,"🇪🇨🇵🇪 Mentira/floja (o ""¡qué paja!""=genial en EC)",🇪🇸 masturbación ⚠️,😶,"""Malo / feo / molesto / aburrido"" 😤"
194,Hueva / Hueva floja,🇲🇽 Flojera/pereza,🌎 Huevas (peces),😴,"""Malo / feo / molesto / aburrido"" 😤"
195,Lata,"🌎 ""dar lata""=molestar",🌎 Envase,🥫,"""Malo / feo / molesto / aburrido"" 😤"
196,Cague (malo),"🇨🇴 ""estar cagado""=con miedo",🇦🇷 divertido,😱,"""Malo / feo / molesto / aburrido"" 😤"
197,Quedado,🇲🇽 Lento/soltero,🌎 —,🐢,"""Malo / feo / molesto / aburrido"" 😤"
198,Sapo (malo),🇨🇴 Metido/soplón,(ver 158),🐸,"""Malo / feo / molesto / aburrido"" 😤"
199,Picado,🇵🇪🇻🇪 Molesto/ofendido,🌎 Cortado en trozos,😤,"""Malo / feo / molesto / aburrido"" 😤"
200,Arrecho,"🇻🇪🇨🇴 Enojado / o ""genial"" / ⚠️ excitado",🌎 —,😡🔥,"""Malo / feo / molesto / aburrido"" 😤"
201,Pedo,"🇲🇽 Borrachera / problema / ""¿qué pedo?""",🌎 Flatulencia 💨,🍻💨,"Fiesta, borrachera y estados 🥳"
202,Cruda,🇲🇽 Resaca,🌎 Sin cocinar,🤢,"Fiesta, borrachera y estados 🥳"
203,Resaca,🇪🇸🇦🇷 Cruda,🌎 Marea,🤢,"Fiesta, borrachera y estados 🥳"
204,Guayabo,🇨🇴 Resaca,🌎 Árbol de guayaba,🤢,"Fiesta, borrachera y estados 🥳"
205,Caña / Ratón,"🇻🇪 ""ratón""=resaca",🌎 Roedor,🐀🤢,"Fiesta, borrachera y estados 🥳"
206,Chuchaqui,🇪🇨 Resaca,🌎 —,🤢,"Fiesta, borrachera y estados 🥳"
207,Carrete,🇨🇱 Fiesta,🌎 Rollo/bobina,🥳,"Fiesta, borrachera y estados 🥳"
208,Rumba / Rumbear,🇨🇴🇻🇪 Fiesta,🌎 Baile/género,🥳,"Fiesta, borrachera y estados 🥳"
209,Pachanga,🇲🇽 Fiesta,🌎 —,🥳,"Fiesta, borrachera y estados 🥳"
210,Parranda,🌎 Fiesta/jarana,🌎 —,🥳,"Fiesta, borrachera y estados 🥳"
211,Joda / Jodita,🇦🇷 Fiesta/broma,🌎 molestia,🥳,"Fiesta, borrachera y estados 🥳"
212,Reviente / Reventón,🇲🇽🇦🇷 Fiesta intensa,🌎 Explosión,🥳,"Fiesta, borrachera y estados 🥳"
213,Previa / Precopeo,🇦🇷🇨🇱 Antes de salir a beber,🌎 —,🍻,"Fiesta, borrachera y estados 🥳"
214,Pisto (borracho),"🇲🇽 ""ponerse pisto""=beber",(ver 113 dinero),🍺,"Fiesta, borrachera y estados 🥳"
215,Curado / Curau,🇨🇱 Borracho,🌎 Curado/sano,🥴,"Fiesta, borrachera y estados 🥳"
216,Jalado / Hasta atrás,🇲🇽 Muy borracho,🌎 —,🥴,"Fiesta, borrachera y estados 🥳"
217,Prendido,🌎 Animado/borracho,🌎 Encendido,🔥,"Fiesta, borrachera y estados 🥳"
218,Rascado,🇻🇪 Borracho,🌎 Rascarse,🥴,"Fiesta, borrachera y estados 🥳"
219,Mamado,🇲🇽 Musculoso / 🇦🇷 borracho,⚠️ (ver 27),💪🥴,"Fiesta, borrachera y estados 🥳"
220,Fumado,🌎 Drogado/loco,🌎 —,😵‍💫,"Fiesta, borrachera y estados 🥳"
221,Crush,Persona que te gusta,🌎 igual,😍,Jerga Gen-Z / internet (la más usada por teens) 📱
222,Shippear,Querer que dos personas sean pareja,🌎 igual,🚢❤️,Jerga Gen-Z / internet (la más usada por teens) 📱
223,Cringe,Vergüenza ajena,"🇲🇽 ""qué oso"" · 🇦🇷 ""qué cringe""",😬,Jerga Gen-Z / internet (la más usada por teens) 📱
224,Random,Aleatorio/raro,🌎 igual,🎲,Jerga Gen-Z / internet (la más usada por teens) 📱
225,Random crush,—,—,😅,Jerga Gen-Z / internet (la más usada por teens) 📱
226,Ghostear,Desaparecer sin avisar,🌎 igual,👻,Jerga Gen-Z / internet (la más usada por teens) 📱
227,Stalkear,Espiar redes,🌎 igual,🕵️,Jerga Gen-Z / internet (la más usada por teens) 📱
228,Hypear,Emocionar/promocionar,🌎 igual,🔥,Jerga Gen-Z / internet (la más usada por teens) 📱
229,Flexear,Presumir,🌎 igual,💪💸,Jerga Gen-Z / internet (la más usada por teens) 📱
230,Cap / No cap,"Mentira / ""en serio""",🌎 igual,🧢,Jerga Gen-Z / internet (la más usada por teens) 📱
231,Based,"Auténtico, sin pena",🌎 igual,😎,Jerga Gen-Z / internet (la más usada por teens) 📱
232,Mid,Mediocre/del montón,🌎 igual,😐,Jerga Gen-Z / internet (la más usada por teens) 📱
233,Sus,Sospechoso,🌎 igual,🤨,Jerga Gen-Z / internet (la más usada por teens) 📱
234,POV,"""Punto de vista"" (formato de video)",🌎 igual,🎥,Jerga Gen-Z / internet (la más usada por teens) 📱
235,Slay,Lo hiciste increíble,🌎 igual,💅🔥,Jerga Gen-Z / internet (la más usada por teens) 📱
236,Ick,Algo que te quita el interés,🌎 igual,🤮,Jerga Gen-Z / internet (la más usada por teens) 📱
237,Rizz,Carisma para ligar,🌎 igual,😏,Jerga Gen-Z / internet (la más usada por teens) 📱
238,NPC,Persona sin personalidad,🌎 igual,🤖,Jerga Gen-Z / internet (la más usada por teens) 📱
239,Delulu,Ilusionado/a sin razón,🌎 igual,🦄,Jerga Gen-Z / internet (la más usada por teens) 📱
240,Bro / Brodi,Amigo,🌎 igual,🤝,Jerga Gen-Z / internet (la más usada por teens) 📱
241,Modo diablo,Dar el máximo,🇲🇽🇨🇴 igual,😈,Jerga Gen-Z / internet (la más usada por teens) 📱
242,Tóxico/a,Relación/persona dañina,🌎 igual,☠️,Jerga Gen-Z / internet (la más usada por teens) 📱
243,Random simp / Simp,Quien adula demasiado a su crush,🌎 igual,🥺,Jerga Gen-Z / internet (la más usada por teens) 📱
244,Friendzone,Sólo amistad,🌎 igual,💔,Jerga Gen-Z / internet (la más usada por teens) 📱
245,Match,Coincidencia (apps de citas),🌎 igual,❤️‍🔥,Jerga Gen-Z / internet (la más usada por teens) 📱
246,Red flag / Bandera roja,Señal de alerta,🌎 igual,🚩,Jerga Gen-Z / internet (la más usada por teens) 📱
247,Green flag,Buena señal,🌎 igual,✅,Jerga Gen-Z / internet (la más usada por teens) 📱
248,Bestie,Mejor amiga/o,🌎 igual,👯,Jerga Gen-Z / internet (la más usada por teens) 📱
249,Vibra / Vibe,Energía/ambiente,🌎 igual,✨,Jerga Gen-Z / internet (la más usada por teens) 📱
250,Aesthetic / Estético,Estilo bonito,🌎 igual,🎀,Jerga Gen-Z / internet (la más usada por teens) 📱
251,Core,"Estética/tendencia (ej. ""cottagecore"")",🌎 igual,🌸,Jerga Gen-Z / internet (la más usada por teens) 📱
252,W / L,Victoria / Derrota,🌎 igual,🏆 / 😞,Jerga Gen-Z / internet (la más usada por teens) 📱
253,GOAT,El mejor de todos,🌎 igual,🐐,Jerga Gen-Z / internet (la más usada por teens) 📱
254,Lowkey / Highkey,"""en secreto"" / ""abiertamente""",🌎 igual,🤫,Jerga Gen-Z / internet (la más usada por teens) 📱
255,Random ship,—,—,🚢,Jerga Gen-Z / internet (la más usada por teens) 📱
256,Cheto/a,🇦🇷 Fresa/cuico (clasudo),🌎 —,💅,Jerga Gen-Z / internet (la más usada por teens) 📱
257,Cuico,🇨🇱 Fresa/de clase alta,🌎 —,💅,Jerga Gen-Z / internet (la más usada por teens) 📱
258,Gomelo,🇨🇴 Fresa/niño bien,🌎 —,💅,Jerga Gen-Z / internet (la más usada por teens) 📱
259,Sifrino,🇻🇪 Fresa/snob,🌎 —,💅,Jerga Gen-Z / internet (la más usada por teens) 📱
260,Pituco,🇵🇪 Fresa/clase alta,🌎 —,💅,Jerga Gen-Z / internet (la más usada por teens) 📱
261,Manejar / Conducir,"🇲🇽 ""manejar""","🇪🇸 ""conducir""",🚗,Verbos y expresiones de uso diario 🗣️
262,Carro / Coche / Auto,"🇲🇽🇨🇴 ""carro""","🇪🇸 ""coche"" · 🇦🇷🇨🇱 ""auto""",🚗,Verbos y expresiones de uso diario 🗣️
263,Camión,🇲🇽 Autobús urbano,🌎 Camión de carga,🚌🚛,Verbos y expresiones de uso diario 🗣️
264,Colectivo / Micro / Pesero,"🇦🇷 ""colectivo""","🇨🇱 ""micro"" · 🇲🇽 ""pesero""",🚐,Verbos y expresiones de uso diario 🗣️
265,Combi,🇲🇽🇵🇪 Microbús,🌎 Furgoneta VW,🚐,Verbos y expresiones de uso diario 🗣️
266,Aventón / Cola / Bola / Jalón,"🇲🇽 ""aventón""","🇻🇪 ""cola"" · 🇪🇸 ""llevar""",🚗,Verbos y expresiones de uso diario 🗣️
267,Estacionar / Aparcar / Parquear,"🇲🇽 ""estacionar""","🇪🇸 ""aparcar"" · 🇨🇴 ""parquear""",🅿️,Verbos y expresiones de uso diario 🗣️
268,Manejar la onda,🇲🇽 Entender/controlar,🌎 —,💡,Verbos y expresiones de uso diario 🗣️
269,Apurarse / Apurate,🌎 Darse prisa,"🇪🇸 ""date prisa""",⏱️,Verbos y expresiones de uso diario 🗣️
270,Platicar,🇲🇽 Conversar,"🇪🇸🇦🇷 ""charlar/hablar""",💬,Verbos y expresiones de uso diario 🗣️
271,Charlar,🇦🇷🇪🇸 Conversar,🌎 —,💬,Verbos y expresiones de uso diario 🗣️
272,Coger el bus,🇪🇸🇨🇴 Tomar el bus,⚠️ (ver 1) en MX/AR,🚌,Verbos y expresiones de uso diario 🗣️
273,Tomar,🌎 Beber/agarrar,"🇪🇸 también ""coger""",🥤,Verbos y expresiones de uso diario 🗣️
274,Botar,🇨🇴🇻🇪 Tirar/desechar,🌎 Rebotar,🗑️,Verbos y expresiones de uso diario 🗣️
275,Votar / Botar,🌎 Elegir / tirar,(homófonos),🗳️,Verbos y expresiones de uso diario 🗣️
276,Manear / Menear,🌎 Mover/bailar,🌎 —,🕺,Verbos y expresiones de uso diario 🗣️
277,Pararse,🌎 Ponerse de pie,"🇲🇽 ""pararse""=levantarse de la cama",🛏️,Verbos y expresiones de uso diario 🗣️
278,Parar,🇪🇸 Detener,"🇲🇽 Poner de pie (""para la silla"")",✋,Verbos y expresiones de uso diario 🗣️
279,Coger/Agarrar,"🇲🇽 ""agarrar""","🇪🇸 ""coger""",✊,Verbos y expresiones de uso diario 🗣️
280,Jalar / Halar,"🇲🇽 ""jalar""=funcionar/tirar","🇨🇴🇻🇪 ""halar""",💪,Verbos y expresiones de uso diario 🗣️
281,Prender,🌎 Encender,"🇪🇸 ""encender""",🔛,Verbos y expresiones de uso diario 🗣️
282,Manejar plata,🌎 Administrar dinero,🌎 —,💰,Verbos y expresiones de uso diario 🗣️
283,Regalar,🌎 Dar de regalo,"🇨🇴 ""¿me regala…?""=¿me da…? (cortesía)",🎁,Verbos y expresiones de uso diario 🗣️
284,Provecho,"🌎 ""buen provecho""",🇨🇴 a veces al saludar comiendo,🍽️,Verbos y expresiones de uso diario 🗣️
285,Ahorita,"🇲🇽 Puede ser ""ya"" o ""nunca"" 😅","🌎 ""ahora mismo""",⏳,Verbos y expresiones de uso diario 🗣️
286,Ya mismo / Al toque / Al tiro,"🇦🇷 ""ya mismo""","🇵🇪 ""al toque"" · 🇨🇱 ""al tiro""",⚡,Verbos y expresiones de uso diario 🗣️
287,Tincar,"🇨🇱 Parecer/intuir (""me tinca"")",🌎 —,🤔,Verbos y expresiones de uso diario 🗣️
288,Capaz,"🇦🇷 ""quizás/tal vez""",🌎 Habilidoso,🤷,Verbos y expresiones de uso diario 🗣️
289,De una,🌎 ¡Claro que sí!,🌎 —,👍,Verbos y expresiones de uso diario 🗣️
290,Dale,🇦🇷🇪🇸 Ok/vamos,"🌎 ""pégale""",👍,Verbos y expresiones de uso diario 🗣️
291,Órale,🇲🇽 ¡Wow!/ok/apúrate,🌎 —,😮,Verbos y expresiones de uso diario 🗣️
292,Listo,🇨🇴 Ok/de acuerdo,🌎 Preparado/inteligente,👌,Verbos y expresiones de uso diario 🗣️
293,Vale,🇪🇸 Ok,"🇻🇪 ""¡vale, pana!""",👌,Verbos y expresiones de uso diario 🗣️
294,"Bacán, dale",—,—,👌,Verbos y expresiones de uso diario 🗣️
295,Fresco / Fresca,"🇨🇴🇨🇷 ""tranquilo, fresco""",🌎 Frío/descarado,😎,Verbos y expresiones de uso diario 🗣️
296,Tranqui,🌎 Tranquilo/relájate,🌎 —,😌,Verbos y expresiones de uso diario 🗣️
297,Chido/Vale/Bacán/Dale,"(sinónimos de ""ok genial"")",—,👌,Verbos y expresiones de uso diario 🗣️
298,Nel / Simón,"🇲🇽 ""no"" / ""sí"" (jerga)",🌎 —,🙅 / 🙆,Verbos y expresiones de uso diario 🗣️
299,Pe / Pue / Pues,"🇵🇪 ""pe"" muletilla","🇨🇱 ""po"" · 🇲🇽 ""pos""",💬,Verbos y expresiones de uso diario 🗣️
300,Po,"🇨🇱 Muletilla (""sí po"")",🌎 —,💬,Verbos y expresiones de uso diario 🗣️
301,Chamba dura,🇲🇽 Trabajo pesado,—,💼,Más regionalismos juveniles (extensión) 🧩
302,Antro,🇲🇽 Discoteca/bar,🇪🇸🇦🇷 Lugar de mala muerte,🪩,Más regionalismos juveniles (extensión) 🧩
303,Boliche,🇦🇷 Discoteca,🌎 Juego de bolos 🎳,🪩🎳,Más regionalismos juveniles (extensión) 🧩
304,Disco / Disco / Joda,🌎 Discoteca,🌎 —,🪩,Más regionalismos juveniles (extensión) 🧩
305,Garete / Al garete,🇻🇪🇩🇴 Sin rumbo/desordenado,🌎 —,🌀,Más regionalismos juveniles (extensión) 🧩
306,Choco / Chueco,🇲🇽 Torcido/ilegal,🌎 —,↩️,Más regionalismos juveniles (extensión) 🧩
307,Chueco,🇲🇽 Torcido/pirata,🌎 —,↩️,Más regionalismos juveniles (extensión) 🧩
308,Trucho,🇦🇷 Falso/pirata,🌎 —,❌,Más regionalismos juveniles (extensión) 🧩
309,Bamba / Bambeado,🌎 Imitación/falso,🌎 —,👟❌,Más regionalismos juveniles (extensión) 🧩
310,Fayuca,🇲🇽 Mercancía de contrabando,🌎 —,📦,Más regionalismos juveniles (extensión) 🧩
311,Pirata,🌎 Copia ilegal,🌎 Bucanero 🏴‍☠️,🏴‍☠️,Más regionalismos juveniles (extensión) 🧩
312,Choza / Cantón / Jato,"🇲🇽 ""cantón""=casa","🇵🇪 ""jato"" · 🌎 ""choza""",🏠,Más regionalismos juveniles (extensión) 🧩
313,Quilombo,🇦🇷 Desorden/lío,🌎 —,🌀,Más regionalismos juveniles (extensión) 🧩
314,Despelote,🇨🇴🇻🇪 Desorden/relajo,🌎 —,🌀,Más regionalismos juveniles (extensión) 🧩
315,Arroz / Reguero,"🇨🇴 ""reguero""=desorden",🌎 —,🌀,Más regionalismos juveniles (extensión) 🧩
316,Bardo,🇦🇷 Lío/pelea,🌎 Poeta,🌀,Más regionalismos juveniles (extensión) 🧩
317,Bronca,🇲🇽 Problema/enojo,"🇦🇷 Rabia (""tengo bronca"")",😠,Más regionalismos juveniles (extensión) 🧩
318,Choque / Encontrón,🌎 Pelea/golpe,🌎 —,💥,Más regionalismos juveniles (extensión) 🧩
319,Agarrón,🇲🇽 Pelea/discusión,🌎 —,🤜,Más regionalismos juveniles (extensión) 🧩
320,Cana,🇦🇷 Policía/cárcel,🌎 Pelo blanco,👮,Más regionalismos juveniles (extensión) 🧩
321,Tombo,🇨🇴🇵🇪 Policía,🌎 —,👮,Más regionalismos juveniles (extensión) 🧩
322,Paco,🇨🇱 Policía,🌎 nombre,👮,Más regionalismos juveniles (extensión) 🧩
323,Chota,🇸🇻🇲🇽 Policía,🌎 —,👮,Más regionalismos juveniles (extensión) 🧩
324,Yuta,🇦🇷 Policía,🌎 —,👮,Más regionalismos juveniles (extensión) 🧩
325,Rati,"🇦🇷 Policía (vesre de ""tira"")",🌎 —,👮,Más regionalismos juveniles (extensión) 🧩
326,Choro,🇨🇱🇵🇪 Ladrón,"🇲🇽 ""choro""=discurso/labia",🦹,Más regionalismos juveniles (extensión) 🧩
327,Ratero / Rata,🇲🇽 Ladrón,🌎 Roedor,🦹,Más regionalismos juveniles (extensión) 🧩
328,Pillo,🇨🇴 Ladrón/vivo,🇪🇸 Pícaro/listo,🦹,Más regionalismos juveniles (extensión) 🧩
329,Lanza,🇨🇱 Carterista,🌎 Arma,🦹,Más regionalismos juveniles (extensión) 🧩
330,Malandro,🇻🇪 Delincuente,🌎 —,🦹,Más regionalismos juveniles (extensión) 🧩
331,Cholo,🇲🇽 Pandillero,🇵🇪 andino · ⚠️ despectivo,🧑,Más regionalismos juveniles (extensión) 🧩
332,Faltón,🇨🇴🇻🇪 Irrespetuoso,🌎 —,😤,Más regionalismos juveniles (extensión) 🧩
333,Lambón / Lambiscón,🇨🇴🇲🇽 Adulador,🌎 —,👅,Más regionalismos juveniles (extensión) 🧩
334,Jalabolas,🇻🇪 Adulador,🌎 —,👅,Más regionalismos juveniles (extensión) 🧩
335,Arrastrado,🌎 Adulador/sumiso,🌎 —,👅,Más regionalismos juveniles (extensión) 🧩
336,Cuchara,"🇨🇴 Adulador / ""meter cuchara""=opinar",🌎 Utensilio,🥄,Más regionalismos juveniles (extensión) 🧩
337,Meter la pata,🌎 Equivocarse,🌎 —,🦶,Más regionalismos juveniles (extensión) 🧩
338,Cagarla,🌎 Arruinarla ⚠️,🌎 —,💩,Más regionalismos juveniles (extensión) 🧩
339,Regarla,🇲🇽 Equivocarse,🌎 Regar plantas,🌱,Más regionalismos juveniles (extensión) 🧩
340,Embarrarla,🇨🇴 Equivocarse,🌎 —,😬,Más regionalismos juveniles (extensión) 🧩
341,Mandarse una,🇦🇷 Cometer error/atrevimiento,🌎 —,😬,Más regionalismos juveniles (extensión) 🧩
342,Hacerse el sueco,🌎 Hacerse el desentendido,🌎 —,🙈,Más regionalismos juveniles (extensión) 🧩
343,Hacerse el loco,🌎 Ignorar a propósito,🌎 —,🤪,Más regionalismos juveniles (extensión) 🧩
344,Echar los perros,🇲🇽🇨🇴 Coquetear,🌎 —,🐕❤️,Más regionalismos juveniles (extensión) 🧩
345,Tirar los galgos,🇦🇷 Coquetear,🌎 —,🐕❤️,Más regionalismos juveniles (extensión) 🧩
346,Caer / Caerle,🇲🇽 Coquetear/visitar,🌎 Caerse,😍,Más regionalismos juveniles (extensión) 🧩
347,Levantar / Levante,🇦🇷🇪🇸 Ligar/conquista,🌎 Alzar,😍,Más regionalismos juveniles (extensión) 🧩
348,Ligar,🇪🇸 Coquetear,🇲🇽 unir/atar,😍,Más regionalismos juveniles (extensión) 🧩
349,Vacilar,🇨🇴🇻🇪 Coquetear/disfrutar,🇪🇸 Dudar/burlarse,😏,Más regionalismos juveniles (extensión) 🧩
350,Pisar (galán),(ver 21) ⚠️,—,😳,Más regionalismos juveniles (extensión) 🧩
351,Estar tragado,🇨🇴🇪🇨 Enamorado,🌎 Tragar comida,😍,Más regionalismos juveniles (extensión) 🧩
352,Templado,🇪🇨 Enamorado,(ver 24),😍,Más regionalismos juveniles (extensión) 🧩
353,Clavado,🇲🇽 Enamorado/obsesionado,🌎 Salto de clavados,😍,Más regionalismos juveniles (extensión) 🧩
354,Encoñado,🇻🇪🇩🇴 Enamoradísimo ⚠️,🌎 —,😍,Más regionalismos juveniles (extensión) 🧩
355,Pelar,"🇲🇽 ""no me pela""=me ignora",🌎 Quitar cáscara,🍌,Más regionalismos juveniles (extensión) 🧩
356,Dar bola / Dar pelota,🇦🇷 Prestar atención,🌎 —,⚽,Más regionalismos juveniles (extensión) 🧩
357,Parar bola,🇨🇴🇻🇪 Prestar atención,🌎 —,⚽,Más regionalismos juveniles (extensión) 🧩
358,Hacer caso,🌎 Prestar atención/obedecer,🌎 —,👂,Más regionalismos juveniles (extensión) 🧩
359,Echar carro,🇲🇽 Echar habladas/presumir,🌎 —,🚗,Más regionalismos juveniles (extensión) 🧩
360,Echar flores,🌎 Halagar,🌎 —,💐,Más regionalismos juveniles (extensión) 🧩
361,Tirar flores,🌎 Halagar,🌎 —,💐,Más regionalismos juveniles (extensión) 🧩
362,Sacar la piedra,🇲🇽 Hacer enojar,🌎 —,🪨😡,Más regionalismos juveniles (extensión) 🧩
363,Sacar de quicio,🌎 Exasperar,🌎 —,😡,Más regionalismos juveniles (extensión) 🧩
364,Caer gordo,🌎 Caer mal,🌎 —,😒,Más regionalismos juveniles (extensión) 🧩
365,Caer en la nota,🇲🇽 Darse cuenta,🌎 —,💡,Más regionalismos juveniles (extensión) 🧩
366,Manyar,🇦🇷 Entender (lunfardo),🌎 —,💡,Más regionalismos juveniles (extensión) 🧩
367,Capear,🇨🇱 Faltar a clase,🌎 Sortear,🏫,Más regionalismos juveniles (extensión) 🧩
368,Hacer la rabona / Pirarse,"🇦🇷 ""rabona"" · 🇪🇸 ""pirarse""","🇲🇽 ""irse de pinta""",🏫,Más regionalismos juveniles (extensión) 🧩
369,Irse de pinta,🇲🇽 Faltar a clase,🌎 —,🏫,Más regionalismos juveniles (extensión) 🧩
370,Capar clase,🇨🇴 Faltar a clase,🌎 —,🏫,Más regionalismos juveniles (extensión) 🧩
371,Jubilarse (clase),🇻🇪 Faltar a clase,🌎 Pensionarse,🏫,Más regionalismos juveniles (extensión) 🧩
372,Bolsear / Carterear,🌎 Robar carteras,🌎 —,👜,Más regionalismos juveniles (extensión) 🧩
373,Pelar gallo,🇲🇽 Huir/morir,🌎 —,🐓,Más regionalismos juveniles (extensión) 🧩
374,Picárselas / Abrirse,🇦🇷 Irse rápido,"🇲🇽 ""pelarse""",🏃,Más regionalismos juveniles (extensión) 🧩
375,Rajarse,🇲🇽 Acobardarse,"🇨🇴 ""rajarse""=reprobar/gastar mucho",😰,Más regionalismos juveniles (extensión) 🧩
376,Funar,🇨🇱🇦🇷 Exponer/cancelar a alguien,🌎 —,📢,Más regionalismos juveniles (extensión) 🧩
377,Sapear,🇨🇴 Delatar,🌎 —,🐸,Más regionalismos juveniles (extensión) 🧩
378,Chivearse,🇲🇽 Avergonzarse/cohibirse,🌎 —,😳,Más regionalismos juveniles (extensión) 🧩
379,Achicopalarse,🇲🇽 Desanimarse,🌎 —,😔,Más regionalismos juveniles (extensión) 🧩
380,Amargarse / Amargado,🌎 Enojarse,🌎 —,😠,Más regionalismos juveniles (extensión) 🧩
381,Encachimbado,🇸🇻🇳🇮 Muy enojado,🌎 —,😡,Más regionalismos juveniles (extensión) 🧩
382,Emputado,🌎 Furioso ⚠️,🌎 —,🤬,Más regionalismos juveniles (extensión) 🧩
383,Berraco / Verraco,🇨🇴 Bravo/valiente/genial,🌎 Cerdo macho,🐗🔥,Más regionalismos juveniles (extensión) 🧩
384,Tigre / Tigueraje,🇩🇴 Vivo/avispado,🌎 Felino 🐅,🐅,Más regionalismos juveniles (extensión) 🧩
385,Avión / Avispado,"🇲🇽 ""ser muy avión""=listo",🌎 Avión ✈️,✈️🧠,Más regionalismos juveniles (extensión) 🧩
386,Aguzado,🇨🇴 Listo/atento,🌎 —,🧠,Más regionalismos juveniles (extensión) 🧩
387,Pilas,"🇨🇴🇪🇨 ""¡ponte pilas!""=atento",🌎 Baterías 🔋,🔋,Más regionalismos juveniles (extensión) 🧩
388,Mosca,"🇲🇽 ""ponte mosca""=alerta",🌎 Insecto 🪰,🪰👀,Más regionalismos juveniles (extensión) 🧩
389,Trucha,"🇲🇽 ""ponte trucha""=listo",🌎 Pez 🐟,🐟👀,Más regionalismos juveniles (extensión) 🧩
390,Abusado,"🇲🇽 ""¡abusado!""=ten cuidado/listo",🌎 Maltratado,⚠️,Más regionalismos juveniles (extensión) 🧩
391,Vivo,🌎 Astuto,🌎 Con vida,🧠,Más regionalismos juveniles (extensión) 🧩
392,Lacra,🌎 Mala persona,🌎 —,😈,Más regionalismos juveniles (extensión) 🧩
393,Gonorrea,"🇨🇴 Insulto fuerte / o ""parce"" entre amigos ⚠️",🌎 Enfermedad,😤,Más regionalismos juveniles (extensión) 🧩
394,Marica / Mariquita,"🇨🇴 ""marica""=amigo (muletilla)",🌎 insulto ⚠️,😅,Más regionalismos juveniles (extensión) 🧩
395,Webón / Weón,🇨🇱 Amigo o tonto (todo depende del tono),(ver 18),🤙,Más regionalismos juveniles (extensión) 🧩
396,Pelotudo,🇦🇷 Tonto ⚠️,🌎 —,🤪,Más regionalismos juveniles (extensión) 🧩
397,Tarado,🌎 Tonto,🌎 —,🤪,Más regionalismos juveniles (extensión) 🧩
398,Menso / Sonso / Zonzo,"🇲🇽 ""menso""","🇦🇷 ""sonso""",🤪,Más regionalismos juveniles (extensión) 🧩
399,Baboso,🌎 Tonto/baba,🇸🇻 tipo/maje,🤪,Más regionalismos juveniles (extensión) 🧩
400,Güevón / Bobo,🌎 Tonto,"🇨🇴 ""bobo""=tonto cariñoso",🤪,Más regionalismos juveniles (extensión) 🧩
401,Chivo,🌎 Cabra,🇸🇻 genial · 🇭🇳 soborno · 🇩🇴 nervioso,🐐,"Naturaleza, animales y varios con doble lectura 🐾"
402,Chancho / Cochino / Puerco / Marrano,"🇦🇷🇨🇱 ""chancho""","🇲🇽 ""puerco/cochino"" · 🇨🇴 ""marrano""",🐷,"Naturaleza, animales y varios con doble lectura 🐾"
403,Pavo,(ver 73),—,🦃,"Naturaleza, animales y varios con doble lectura 🐾"
404,Zopilote / Gallinazo / Jote / Buitre,"🇲🇽 ""zopilote""","🇨🇴 ""gallinazo"" · 🇨🇱 ""jote""",🦅,"Naturaleza, animales y varios con doble lectura 🐾"
405,Zancudo / Mosquito,"🇲🇽🇨🇴 ""zancudo""","🇪🇸🇦🇷 ""mosquito""",🦟,"Naturaleza, animales y varios con doble lectura 🐾"
406,Chapulín / Saltamontes / Langosta,"🇲🇽 ""chapulín""","🇪🇸 ""saltamontes""",🦗,"Naturaleza, animales y varios con doble lectura 🐾"
407,Cachorro / Cría / Guagua,"🌎 ""cachorro""","🇨🇱 ""guagua""(bebé)",🐶,"Naturaleza, animales y varios con doble lectura 🐾"
408,Lagartija / Lagartijo,🌎 Reptil pequeño,"🇲🇽 ""lagartijas""=flexiones de pecho",🦎💪,"Naturaleza, animales y varios con doble lectura 🐾"
409,Cuncuna / Oruga / Gusano,"🇨🇱 ""cuncuna""","🌎 ""oruga""",🐛,"Naturaleza, animales y varios con doble lectura 🐾"
410,Tortuga,🌎 Animal,🌎 persona lenta,🐢,"Naturaleza, animales y varios con doble lectura 🐾"
411,Mono,🌎 Simio,"🇨🇴 rubio/a · 🇪🇸 ""mono""=bonito/mono de trabajo",🐒,"Naturaleza, animales y varios con doble lectura 🐾"
412,Catire / Mono / Chele / Canche / Güero,"🇻🇪 ""catire""","🇲🇽 ""güero"" · 🇬🇹 ""canche"" · 🇳🇮 ""chele""",👱,"Naturaleza, animales y varios con doble lectura 🐾"
413,Morocho,🇦🇷 Moreno/pelo negro,🇻🇪 mellizo,🧑,"Naturaleza, animales y varios con doble lectura 🐾"
414,Trigueño,🌎 Piel morena clara,🌎 —,🧑,"Naturaleza, animales y varios con doble lectura 🐾"
415,Prieto / Negro,🌎 Moreno (a veces cariñoso),⚠️ sensible,🧑,"Naturaleza, animales y varios con doble lectura 🐾"
416,Gordo/a,🌎 Persona con peso,"🇦🇷 ""gordo/a""=apodo cariñoso ❤️",🥰,"Naturaleza, animales y varios con doble lectura 🐾"
417,Flaco/a,🌎 Delgado,🇦🇷 apodo cariñoso/amigo,🥰,"Naturaleza, animales y varios con doble lectura 🐾"
418,Mijo / Mija,"🌎 ""mi hijo/a"" (cariño)",🌎 —,🥰,"Naturaleza, animales y varios con doble lectura 🐾"
419,Papi / Mami,🌎 Cariño/coqueteo,🌎 padres,😍,"Naturaleza, animales y varios con doble lectura 🐾"
420,Chato/a,🇦🇷 Apodo cariñoso,🇪🇸 nariz chata/pesado,🥰,"Naturaleza, animales y varios con doble lectura 🐾"
421,Negrito / Tinto,🇨🇴 Café,(ver 63),☕,"Naturaleza, animales y varios con doble lectura 🐾"
422,Perico,🇨🇴 Café con leche,🌎 Loro 🦜 · ⚠️ droga,☕🦜,"Naturaleza, animales y varios con doble lectura 🐾"
423,Pajarito / Pajariar,🌎 Ave pequeña,"🇨🇱 ""pajariar""=distraerse",🐦,"Naturaleza, animales y varios con doble lectura 🐾"
424,Guácala / Fuchi / Iugh,🇲🇽 ¡Qué asco!,🌎 —,🤮,"Naturaleza, animales y varios con doble lectura 🐾"
425,Chin / Híjole / Órale,🇲🇽 Interjecciones,🌎 —,😮,"Naturaleza, animales y varios con doble lectura 🐾"
426,Epa / Épale,🇻🇪🇨🇴 Saludo/sorpresa,🌎 —,👋,"Naturaleza, animales y varios con doble lectura 🐾"
427,Quiubo / Quiubole,"🇲🇽🇨🇴 ""¿qué hubo?""=¿qué tal?",🌎 —,👋,"Naturaleza, animales y varios con doble lectura 🐾"
428,Wena / Buena,"🇨🇱 Saludo (""¿wena?"")",🌎 —,👋,"Naturaleza, animales y varios con doble lectura 🐾"
429,Pulpo,🌎 Animal,🌎 persona que controla varias cosas,🐙,"Naturaleza, animales y varios con doble lectura 🐾"
430,Camarón / Gamba / Langostino,"🇲🇽 ""camarón""","🇪🇸 ""gamba"" · 🇦🇷 ""langostino""",🦐,"Naturaleza, animales y varios con doble lectura 🐾"
431,Frutilla/Fresa,(ver 45-46),—,🍓,"Naturaleza, animales y varios con doble lectura 🐾"
432,Sandía / Patilla / Melón de agua,"🌎 ""sandía""","🇻🇪🇨🇴(costa) ""patilla""",🍉,"Naturaleza, animales y varios con doble lectura 🐾"
433,Maracuyá / Parchita / Fruta de la pasión,"🌎 ""maracuyá""","🇻🇪 ""parchita""",🟡,"Naturaleza, animales y varios con doble lectura 🐾"
434,Lechosa / Papaya / Mamón,"🇻🇪🇩🇴 ""lechosa""","🌎 ""papaya"" ⚠️",🟠,"Naturaleza, animales y varios con doble lectura 🐾"
435,Pomelo / Toronja,"🇦🇷🇪🇸 ""pomelo""","🇲🇽 ""toronja""",🍊,"Naturaleza, animales y varios con doble lectura 🐾"
436,Ananá / Piña,"🇦🇷 ""ananá""","🌎 ""piña"" · 🇲🇽 ""piña""=golpe",🍍,"Naturaleza, animales y varios con doble lectura 🐾"
437,Piña,🌎 Fruta,🇲🇽🇦🇷 Puñetazo,🍍👊,"Naturaleza, animales y varios con doble lectura 🐾"
438,Coco,🌎 Fruta,"🌎 cabeza · 🇪🇸 ""comerse el coco""=pensar mucho",🥥🧠,"Naturaleza, animales y varios con doble lectura 🐾"
439,Melón,🌎 Fruta,🌎 cabeza/tonto,🍈,"Naturaleza, animales y varios con doble lectura 🐾"
440,Repollo / Col,"🌎 ""repollo""","🇪🇸🇲🇽 ""col""",🥬,"Naturaleza, animales y varios con doble lectura 🐾"
441,Betabel / Remolacha / Betarraga,"🇲🇽 ""betabel""","🇪🇸 ""remolacha"" · 🇨🇱 ""betarraga""",🫜,"Naturaleza, animales y varios con doble lectura 🐾"
442,Camote / Boniato / Batata,"🇲🇽🇵🇪 ""camote""","🇦🇷 ""batata"" · 🇨🇺 ""boniato""",🍠,"Naturaleza, animales y varios con doble lectura 🐾"
443,Camote,🇲🇽 Boniato,"🇲🇽 ""hacerse camote""=enredarse · 🇵🇪 enamorarse",🍠😍,"Naturaleza, animales y varios con doble lectura 🐾"
444,Papa / Patata,"🌎 ""papa""","🇪🇸 ""patata"" · 🌎 ""papa""=algo fácil",🥔,"Naturaleza, animales y varios con doble lectura 🐾"
445,Papa (fácil),"🇨🇴🇻🇪 ""es papa""=fácil",🌎 —,🥔,"Naturaleza, animales y varios con doble lectura 🐾"
446,Mango,🌎 Fruta,"🌎 persona guapa 😍 · 🇦🇷 ""un mango""=dinero",🥭😍,"Naturaleza, animales y varios con doble lectura 🐾"
447,Durazno/Damasco/Albaricoque,"🇲🇽 ""durazno""","🇦🇷 ""damasco"" · 🇪🇸 ""albaricoque""",🍑,"Naturaleza, animales y varios con doble lectura 🐾"
448,Frijol/Poroto/Caraota/Judía,(ver 57-58),—,🫘,"Naturaleza, animales y varios con doble lectura 🐾"
449,Maíz/Choclo/Elote/Jojoto,"🇻🇪 ""jojoto""",(ver 53-54),🌽,"Naturaleza, animales y varios con doble lectura 🐾"
450,Cacahuate/Maní,(ver 56),—,🥜,"Naturaleza, animales y varios con doble lectura 🐾"
451,Calabaza/Zapallo/Auyama,"🇲🇽🇪🇸 ""calabaza""","🇦🇷 ""zapallo"" · 🇻🇪 ""auyama""",🎃,"Naturaleza, animales y varios con doble lectura 🐾"
452,Ejotes/Chauchas/Vainitas/Judías verdes,"🇲🇽 ""ejotes""","🇦🇷 ""chauchas"" · 🇻🇪 ""vainitas""",🫛,"Naturaleza, animales y varios con doble lectura 🐾"
453,Chícharos/Arvejas/Guisantes,"🇲🇽 ""chícharos""","🇦🇷 ""arvejas"" · 🇪🇸 ""guisantes""",🫛,"Naturaleza, animales y varios con doble lectura 🐾"
454,Jitomate/Tomate,"🇲🇽 ""jitomate""","🌎 ""tomate""",🍅,"Naturaleza, animales y varios con doble lectura 🐾"
455,Pimiento/Morrón/Ají/Chile/Pimentón,"🇲🇽 ""chile""","🇦🇷 ""morrón"" · 🇵🇪 ""ají"" · 🇻🇪 ""pimentón""",🌶️,"Naturaleza, animales y varios con doble lectura 🐾"
456,Ají,🇵🇪🇦🇷 Pimiento/picante,🌎 —,🌶️,"Naturaleza, animales y varios con doble lectura 🐾"
457,Chile,🇲🇽 Pimiento picante,🇲🇽 ⚠️ doble sentido,🌶️,"Naturaleza, animales y varios con doble lectura 🐾"
458,Picante/Picoso/Enchiloso,"🇲🇽 ""picoso""","🌎 ""picante""",🌶️,"Naturaleza, animales y varios con doble lectura 🐾"
459,Limón/Lima,🌎 (¡varía qué es cuál!),🇲🇽 verde=limón · 🇪🇸 distinto,🍋,"Naturaleza, animales y varios con doble lectura 🐾"
460,Naranja/China,"🌎 ""naranja""","🇵🇷 ""china""",🍊,"Naturaleza, animales y varios con doble lectura 🐾"
461,Móvil/Celular/Cel/Telefonito,"🇪🇸 ""móvil""","🌎 ""celular/cel""",📱,"Tecnología, redes y vida moderna 💻"
462,Ordenador/Computadora/Compu/PC,"🇪🇸 ""ordenador""","🌎 ""compu""",💻,"Tecnología, redes y vida moderna 💻"
463,Portátil/Laptop,"🇪🇸🇨🇴 ""portátil""","🌎 ""laptop""",💻,"Tecnología, redes y vida moderna 💻"
464,Ratón/Mouse,"🇪🇸 ""ratón""","🌎 ""mouse""",🖱️,"Tecnología, redes y vida moderna 💻"
465,Memoria/Pendrive/USB/Pen/Cosito,"🌎 ""USB""","🇦🇷 ""pendrive""",🔌,"Tecnología, redes y vida moderna 💻"
466,Cargador/Chazo,"🌎 ""cargador""",🌎 —,🔌,"Tecnología, redes y vida moderna 💻"
467,Datos/Megas/Saldo,"🌎 ""datos/megas""","🌎 ""saldo"" (recarga)",📶,"Tecnología, redes y vida moderna 💻"
468,Recarga/Saldo/Carga,🌎 Recargar el cel,🌎 —,💳,"Tecnología, redes y vida moderna 💻"
469,Pinchar/Tocar/Clickear/Cliquear,"🌎 ""darle click""","🇪🇸 ""pinchar/pulsar""",🖱️,"Tecnología, redes y vida moderna 💻"
470,Subir/Postear/Publicar,🌎 Postear en redes,🌎 —,📤,"Tecnología, redes y vida moderna 💻"
471,Historia/Estado/Story,"🌎 ""historia/story""","🇨🇴 a veces ""estado"" (WhatsApp)",📸,"Tecnología, redes y vida moderna 💻"
472,Mensajito/DM/Privado/Interno,"🌎 ""DM/privado""","🇦🇷 ""mandar un privado""",💬,"Tecnología, redes y vida moderna 💻"
473,Audio/Nota de voz/Vocal,"🌎 ""audio/nota de voz""","🇪🇸 ""audio""",🎙️,"Tecnología, redes y vida moderna 💻"
474,Sticker/Figurita/Estampita,"🌎 ""sticker""","🇦🇷 ""figurita""",🏷️,"Tecnología, redes y vida moderna 💻"
475,Meme/Memazo,🌎 igual,🌎 —,😂,"Tecnología, redes y vida moderna 💻"
476,Viral/Pegar/Reventar,"🌎 ""se hizo viral""",🌎 —,🔥,"Tecnología, redes y vida moderna 💻"
477,Influencer/Creador,🌎 igual,🌎 —,🤳,"Tecnología, redes y vida moderna 💻"
478,Streamer,🌎 igual,🌎 —,🎮,"Tecnología, redes y vida moderna 💻"
479,Hater/Odiador,🌎 igual,🌎 —,😡,"Tecnología, redes y vida moderna 💻"
480,Trolear/Trollear,🌎 Molestar en línea,🌎 —,🧌,"Tecnología, redes y vida moderna 💻"
481,Spam/Spamear,🌎 igual,🌎 —,📨,"Tecnología, redes y vida moderna 💻"
482,Banear/Cancelar/Funar,"🌎 ""banear""","🇨🇱🇦🇷 ""funar""",🚫,"Tecnología, redes y vida moderna 💻"
483,Loguear/Iniciar sesión,🌎 igual,🌎 —,🔑,"Tecnología, redes y vida moderna 💻"
484,Bug/Error/Falla/Glitch,🌎 igual,🌎 —,🐛,"Tecnología, redes y vida moderna 💻"
485,Random/Aleatorio,(ver 224),—,🎲,"Tecnología, redes y vida moderna 💻"
486,Gamer/Jugador,🌎 igual,🌎 —,🎮,"Tecnología, redes y vida moderna 💻"
487,Noob/Manco/Malo,"🌎 ""noob""","🇨🇴🇲🇽 ""manco""",🎮,"Tecnología, redes y vida moderna 💻"
488,Pro/Crack/Capo/Máquina,"🇦🇷 ""capo/máquina""","🇪🇸 ""crack""",🏆,"Tecnología, redes y vida moderna 💻"
489,Tilín/Lag/Trabarse/Pixelearse,"🌎 ""se trabó""","🌎 ""lag""",⏳,"Tecnología, redes y vida moderna 💻"
490,Selfi/Selfie/Autofoto,🌎 igual,🌎 —,🤳,"Tecnología, redes y vida moderna 💻"
491,Filtro/Efecto,🌎 igual,🌎 —,✨,"Tecnología, redes y vida moderna 💻"
492,Trend/Tendencia/Reto/Challenge,🌎 igual,🌎 —,📈,"Tecnología, redes y vida moderna 💻"
493,Colab/Colaboración,🌎 igual,🌎 —,🤝,"Tecnología, redes y vida moderna 💻"
494,Drama/Salseo/Cizaña/Chisme,"🇪🇸 ""salseo""","🌎 ""chisme/drama""",🍿,"Tecnología, redes y vida moderna 💻"
495,Chisme/Bochinche/Cahuín/Copucha,"🇲🇽 ""chisme""","🇻🇪 ""bochinche"" · 🇨🇱 ""cahuín/copucha""",🗣️,"Tecnología, redes y vida moderna 💻"
496,Sapear/Chismear/Cotillear,"🇪🇸 ""cotillear""","🇨🇴 ""sapear""",👀,"Tecnología, redes y vida moderna 💻"
497,Ningunear/ Glow up/Cambiazo,"🌎 ""glow up""=mejorar mucho",🌎 —,✨,"Tecnología, redes y vida moderna 💻"
498,Crush/Amor platónico,(ver 221),—,😍,"Tecnología, redes y vida moderna 💻"
499,Quedada/Junta/Tertulia/Previa,"🇲🇽 ""junta""","🇪🇸 ""quedada"" · 🇦🇷 ""previa""",🧑‍🤝‍🧑,"Tecnología, redes y vida moderna 💻"
500,Bro / Pana / Parce / Causa / Mae / Wey,"(resumen: ""amigo"" en cada país 🌎)",—,🤝🌎,"Tecnología, redes y vida moderna 💻"
